fare_id,route_id,origin_id,destination_id
Fare210yen_00,R1,S1_1,S2_1
Fare210yen_00,R1,S1_1,S3_1
Fare210yen_00,R1,S1_1,S4_1
Fare210yen_00,R1,S1_1,S5_1
Fare210yen_00,R1,S1_1,S6_1
Fare210yen_00,R1,S1_1,S7_1
Fare210yen_00,R1,S1_1,S8_1
Fare210yen_00,R1,S1_1,S9_1
Fare210yen_00,R1,S1_1,S10_1
Fare210yen_00,R1,S1_1,S11_1
Fare210yen_00,R1,S1_1,S12_1
Fare210yen_00,R1,S1_1,S13_1
Fare210yen_00,R1,S1_1,S14_1
Fare210yen_00,R1,S1_1,S15_1
Fare210yen_00,R1,S1_1,S16_1
Fare210yen_00,R1,S1_1,S17_1
Fare210yen_00,R1,S1_1,S1_2
Fare210yen_00,R1,S2_1,S3_1
Fare210yen_00,R1,S2_1,S4_1
Fare210yen_00,R1,S2_1,S5_1
Fare210yen_00,R1,S2_1,S6_1
Fare210yen_00,R1,S2_1,S7_1
Fare210yen_00,R1,S2_1,S8_1
Fare210yen_00,R1,S2_1,S9_1
Fare210yen_00,R1,S2_1,S10_1
Fare210yen_00,R1,S2_1,S11_1
Fare210yen_00,R1,S2_1,S12_1
Fare210yen_00,R1,S2_1,S13_1
Fare210yen_00,R1,S2_1,S14_1
Fare210yen_00,R1,S2_1,S15_1
Fare210yen_00,R1,S2_1,S16_1
Fare210yen_00,R1,S2_1,S17_1
Fare210yen_00,R1,S2_1,S1_2
Fare210yen_00,R1,S3_1,S4_1
Fare210yen_00,R1,S3_1,S5_1
Fare210yen_00,R1,S3_1,S6_1
Fare210yen_00,R1,S3_1,S7_1
Fare210yen_00,R1,S3_1,S8_1
Fare210yen_00,R1,S3_1,S9_1
Fare210yen_00,R1,S3_1,S10_1
Fare210yen_00,R1,S3_1,S11_1
Fare210yen_00,R1,S3_1,S12_1
Fare210yen_00,R1,S3_1,S13_1
Fare210yen_00,R1,S3_1,S14_1
Fare210yen_00,R1,S3_1,S15_1
Fare210yen_00,R1,S3_1,S16_1
Fare210yen_00,R1,S3_1,S17_1
Fare210yen_00,R1,S3_1,S1_2
Fare210yen_00,R1,S4_1,S5_1
Fare210yen_00,R1,S4_1,S6_1
Fare210yen_00,R1,S4_1,S7_1
Fare210yen_00,R1,S4_1,S8_1
Fare210yen_00,R1,S4_1,S9_1
Fare210yen_00,R1,S4_1,S10_1
Fare210yen_00,R1,S4_1,S11_1
Fare210yen_00,R1,S4_1,S12_1
Fare210yen_00,R1,S4_1,S13_1
Fare210yen_00,R1,S4_1,S14_1
Fare210yen_00,R1,S4_1,S15_1
Fare210yen_00,R1,S4_1,S16_1
Fare210yen_00,R1,S4_1,S17_1
Fare210yen_00,R1,S4_1,S1_2
Fare210yen_00,R1,S5_1,S6_1
Fare210yen_00,R1,S5_1,S7_1
Fare210yen_00,R1,S5_1,S8_1
Fare210yen_00,R1,S5_1,S9_1
Fare210yen_00,R1,S5_1,S10_1
Fare210yen_00,R1,S5_1,S11_1
Fare210yen_00,R1,S5_1,S12_1
Fare210yen_00,R1,S5_1,S13_1
Fare210yen_00,R1,S5_1,S14_1
Fare210yen_00,R1,S5_1,S15_1
Fare210yen_00,R1,S5_1,S16_1
Fare210yen_00,R1,S5_1,S17_1
Fare210yen_00,R1,S5_1,S1_2
Fare210yen_00,R1,S6_1,S7_1
Fare210yen_00,R1,S6_1,S8_1
Fare210yen_00,R1,S6_1,S9_1
Fare210yen_00,R1,S6_1,S10_1
Fare210yen_00,R1,S6_1,S11_1
Fare210yen_00,R1,S6_1,S12_1
Fare210yen_00,R1,S6_1,S13_1
Fare210yen_00,R1,S6_1,S14_1
Fare210yen_00,R1,S6_1,S15_1
Fare210yen_00,R1,S6_1,S16_1
Fare210yen_00,R1,S6_1,S17_1
Fare210yen_00,R1,S6_1,S1_2
Fare210yen_00,R1,S7_1,S8_1
Fare210yen_00,R1,S7_1,S9_1
Fare210yen_00,R1,S7_1,S10_1
Fare210yen_00,R1,S7_1,S11_1
Fare210yen_00,R1,S7_1,S12_1
Fare210yen_00,R1,S7_1,S13_1
Fare210yen_00,R1,S7_1,S14_1
Fare210yen_00,R1,S7_1,S15_1
Fare210yen_00,R1,S7_1,S16_1
Fare210yen_00,R1,S7_1,S17_1
Fare210yen_00,R1,S7_1,S1_2
Fare210yen_00,R1,S8_1,S9_1
Fare210yen_00,R1,S8_1,S10_1
Fare210yen_00,R1,S8_1,S11_1
Fare210yen_00,R1,S8_1,S12_1
Fare210yen_00,R1,S8_1,S13_1
Fare210yen_00,R1,S8_1,S14_1
Fare210yen_00,R1,S8_1,S15_1
Fare210yen_00,R1,S8_1,S16_1
Fare210yen_00,R1,S8_1,S17_1
Fare210yen_00,R1,S8_1,S1_2
Fare210yen_00,R1,S9_1,S10_1
Fare210yen_00,R1,S9_1,S11_1
Fare210yen_00,R1,S9_1,S12_1
Fare210yen_00,R1,S9_1,S13_1
Fare210yen_00,R1,S9_1,S14_1
Fare210yen_00,R1,S9_1,S15_1
Fare210yen_00,R1,S9_1,S16_1
Fare210yen_00,R1,S9_1,S17_1
Fare210yen_00,R1,S9_1,S1_2
Fare210yen_00,R1,S10_1,S11_1
Fare210yen_00,R1,S10_1,S12_1
Fare210yen_00,R1,S10_1,S13_1
Fare210yen_00,R1,S10_1,S14_1
Fare210yen_00,R1,S10_1,S15_1
Fare210yen_00,R1,S10_1,S16_1
Fare210yen_00,R1,S10_1,S17_1
Fare210yen_00,R1,S10_1,S1_2
Fare210yen_00,R1,S11_1,S12_1
Fare210yen_00,R1,S11_1,S13_1
Fare210yen_00,R1,S11_1,S14_1
Fare210yen_00,R1,S11_1,S15_1
Fare210yen_00,R1,S11_1,S16_1
Fare210yen_00,R1,S11_1,S17_1
Fare210yen_00,R1,S11_1,S1_2
Fare210yen_00,R1,S12_1,S13_1
Fare210yen_00,R1,S12_1,S14_1
Fare210yen_00,R1,S12_1,S15_1
Fare210yen_00,R1,S12_1,S16_1
Fare210yen_00,R1,S12_1,S17_1
Fare210yen_00,R1,S12_1,S1_2
Fare210yen_00,R1,S13_1,S14_1
Fare210yen_00,R1,S13_1,S15_1
Fare210yen_00,R1,S13_1,S16_1
Fare210yen_00,R1,S13_1,S17_1
Fare210yen_00,R1,S13_1,S1_2
Fare210yen_00,R1,S14_1,S15_1
Fare210yen_00,R1,S14_1,S16_1
Fare210yen_00,R1,S14_1,S17_1
Fare210yen_00,R1,S14_1,S1_2
Fare210yen_00,R1,S15_1,S16_1
Fare210yen_00,R1,S15_1,S17_1
Fare210yen_00,R1,S15_1,S1_2
Fare210yen_00,R1,S16_1,S17_1
Fare210yen_00,R1,S16_1,S1_2
Fare210yen_00,R1,S17_1,S1_2
Fare210yen_00,R2,S1_1,S2_1
Fare210yen_00,R2,S1_1,S3_1
Fare210yen_00,R2,S1_1,S4_1
Fare210yen_00,R2,S1_1,S5_1
Fare210yen_00,R2,S1_1,S6_1
Fare210yen_00,R2,S1_1,S7_1
Fare210yen_00,R2,S1_1,S8_1
Fare210yen_00,R2,S1_1,S9_1
Fare210yen_00,R2,S1_1,S10_1
Fare210yen_00,R2,S1_1,S11_1
Fare210yen_00,R2,S1_1,S18_1
Fare210yen_00,R2,S1_1,S19_1
Fare210yen_00,R2,S1_1,S116_1
Fare210yen_00,R2,S1_1,S14_1
Fare210yen_00,R2,S1_1,S15_1
Fare210yen_00,R2,S1_1,S16_1
Fare210yen_00,R2,S1_1,S17_1
Fare210yen_00,R2,S1_1,S1_2
Fare210yen_00,R2,S2_1,S3_1
Fare210yen_00,R2,S2_1,S4_1
Fare210yen_00,R2,S2_1,S5_1
Fare210yen_00,R2,S2_1,S6_1
Fare210yen_00,R2,S2_1,S7_1
Fare210yen_00,R2,S2_1,S8_1
Fare210yen_00,R2,S2_1,S9_1
Fare210yen_00,R2,S2_1,S10_1
Fare210yen_00,R2,S2_1,S11_1
Fare210yen_00,R2,S2_1,S18_1
Fare210yen_00,R2,S2_1,S19_1
Fare210yen_00,R2,S2_1,S116_1
Fare210yen_00,R2,S2_1,S14_1
Fare210yen_00,R2,S2_1,S15_1
Fare210yen_00,R2,S2_1,S16_1
Fare210yen_00,R2,S2_1,S17_1
Fare210yen_00,R2,S2_1,S1_2
Fare210yen_00,R2,S3_1,S4_1
Fare210yen_00,R2,S3_1,S5_1
Fare210yen_00,R2,S3_1,S6_1
Fare210yen_00,R2,S3_1,S7_1
Fare210yen_00,R2,S3_1,S8_1
Fare210yen_00,R2,S3_1,S9_1
Fare210yen_00,R2,S3_1,S10_1
Fare210yen_00,R2,S3_1,S11_1
Fare210yen_00,R2,S3_1,S18_1
Fare210yen_00,R2,S3_1,S19_1
Fare210yen_00,R2,S3_1,S116_1
Fare210yen_00,R2,S3_1,S14_1
Fare210yen_00,R2,S3_1,S15_1
Fare210yen_00,R2,S3_1,S16_1
Fare210yen_00,R2,S3_1,S17_1
Fare210yen_00,R2,S3_1,S1_2
Fare210yen_00,R2,S4_1,S5_1
Fare210yen_00,R2,S4_1,S6_1
Fare210yen_00,R2,S4_1,S7_1
Fare210yen_00,R2,S4_1,S8_1
Fare210yen_00,R2,S4_1,S9_1
Fare210yen_00,R2,S4_1,S10_1
Fare210yen_00,R2,S4_1,S11_1
Fare210yen_00,R2,S4_1,S18_1
Fare210yen_00,R2,S4_1,S19_1
Fare210yen_00,R2,S4_1,S116_1
Fare210yen_00,R2,S4_1,S14_1
Fare210yen_00,R2,S4_1,S15_1
Fare210yen_00,R2,S4_1,S16_1
Fare210yen_00,R2,S4_1,S17_1
Fare210yen_00,R2,S4_1,S1_2
Fare210yen_00,R2,S5_1,S6_1
Fare210yen_00,R2,S5_1,S7_1
Fare210yen_00,R2,S5_1,S8_1
Fare210yen_00,R2,S5_1,S9_1
Fare210yen_00,R2,S5_1,S10_1
Fare210yen_00,R2,S5_1,S11_1
Fare210yen_00,R2,S5_1,S18_1
Fare210yen_00,R2,S5_1,S19_1
Fare210yen_00,R2,S5_1,S116_1
Fare210yen_00,R2,S5_1,S14_1
Fare210yen_00,R2,S5_1,S15_1
Fare210yen_00,R2,S5_1,S16_1
Fare210yen_00,R2,S5_1,S17_1
Fare210yen_00,R2,S5_1,S1_2
Fare210yen_00,R2,S6_1,S7_1
Fare210yen_00,R2,S6_1,S8_1
Fare210yen_00,R2,S6_1,S9_1
Fare210yen_00,R2,S6_1,S10_1
Fare210yen_00,R2,S6_1,S11_1
Fare210yen_00,R2,S6_1,S18_1
Fare210yen_00,R2,S6_1,S19_1
Fare210yen_00,R2,S6_1,S116_1
Fare210yen_00,R2,S6_1,S14_1
Fare210yen_00,R2,S6_1,S15_1
Fare210yen_00,R2,S6_1,S16_1
Fare210yen_00,R2,S6_1,S17_1
Fare210yen_00,R2,S6_1,S1_2
Fare210yen_00,R2,S7_1,S8_1
Fare210yen_00,R2,S7_1,S9_1
Fare210yen_00,R2,S7_1,S10_1
Fare210yen_00,R2,S7_1,S11_1
Fare210yen_00,R2,S7_1,S18_1
Fare210yen_00,R2,S7_1,S19_1
Fare210yen_00,R2,S7_1,S116_1
Fare210yen_00,R2,S7_1,S14_1
Fare210yen_00,R2,S7_1,S15_1
Fare210yen_00,R2,S7_1,S16_1
Fare210yen_00,R2,S7_1,S17_1
Fare210yen_00,R2,S7_1,S1_2
Fare210yen_00,R2,S8_1,S9_1
Fare210yen_00,R2,S8_1,S10_1
Fare210yen_00,R2,S8_1,S11_1
Fare210yen_00,R2,S8_1,S18_1
Fare210yen_00,R2,S8_1,S19_1
Fare210yen_00,R2,S8_1,S116_1
Fare210yen_00,R2,S8_1,S14_1
Fare210yen_00,R2,S8_1,S15_1
Fare210yen_00,R2,S8_1,S16_1
Fare210yen_00,R2,S8_1,S17_1
Fare210yen_00,R2,S8_1,S1_2
Fare210yen_00,R2,S9_1,S10_1
Fare210yen_00,R2,S9_1,S11_1
Fare210yen_00,R2,S9_1,S18_1
Fare210yen_00,R2,S9_1,S19_1
Fare210yen_00,R2,S9_1,S116_1
Fare210yen_00,R2,S9_1,S14_1
Fare210yen_00,R2,S9_1,S15_1
Fare210yen_00,R2,S9_1,S16_1
Fare210yen_00,R2,S9_1,S17_1
Fare210yen_00,R2,S9_1,S1_2
Fare210yen_00,R2,S10_1,S11_1
Fare210yen_00,R2,S10_1,S18_1
Fare210yen_00,R2,S10_1,S19_1
Fare210yen_00,R2,S10_1,S116_1
Fare210yen_00,R2,S10_1,S14_1
Fare210yen_00,R2,S10_1,S15_1
Fare210yen_00,R2,S10_1,S16_1
Fare210yen_00,R2,S10_1,S17_1
Fare210yen_00,R2,S10_1,S1_2
Fare210yen_00,R2,S11_1,S18_1
Fare210yen_00,R2,S11_1,S19_1
Fare210yen_00,R2,S11_1,S116_1
Fare210yen_00,R2,S11_1,S14_1
Fare210yen_00,R2,S11_1,S15_1
Fare210yen_00,R2,S11_1,S16_1
Fare210yen_00,R2,S11_1,S17_1
Fare210yen_00,R2,S11_1,S1_2
Fare210yen_00,R2,S18_1,S19_1
Fare210yen_00,R2,S18_1,S116_1
Fare210yen_00,R2,S18_1,S14_1
Fare210yen_00,R2,S18_1,S15_1
Fare210yen_00,R2,S18_1,S16_1
Fare210yen_00,R2,S18_1,S17_1
Fare210yen_00,R2,S18_1,S1_2
Fare210yen_00,R2,S19_1,S116_1
Fare210yen_00,R2,S19_1,S14_1
Fare210yen_00,R2,S19_1,S15_1
Fare210yen_00,R2,S19_1,S16_1
Fare210yen_00,R2,S19_1,S17_1
Fare210yen_00,R2,S19_1,S1_2
Fare210yen_00,R2,S116_1,S14_1
Fare210yen_00,R2,S116_1,S15_1
Fare210yen_00,R2,S116_1,S16_1
Fare210yen_00,R2,S116_1,S17_1
Fare210yen_00,R2,S116_1,S1_2
Fare210yen_00,R2,S14_1,S15_1
Fare210yen_00,R2,S14_1,S16_1
Fare210yen_00,R2,S14_1,S17_1
Fare210yen_00,R2,S14_1,S1_2
Fare210yen_00,R2,S15_1,S16_1
Fare210yen_00,R2,S15_1,S17_1
Fare210yen_00,R2,S15_1,S1_2
Fare210yen_00,R2,S16_1,S17_1
Fare210yen_00,R2,S16_1,S1_2
Fare210yen_00,R2,S17_1,S1_2
Fare100yen_11,R3,S20_1,S21_1
Fare100yen_11,R3,S20_1,S22_1
Fare100yen_11,R3,S20_1,S23_1
Fare100yen_11,R3,S20_1,S24_1
Fare100yen_11,R3,S20_1,S25_1
Fare100yen_11,R3,S20_1,S26_1
Fare100yen_11,R3,S20_1,S27_1
Fare100yen_11,R3,S20_1,S28_1
Fare100yen_11,R3,S20_1,S29_1
Fare100yen_11,R3,S20_1,S30_1
Fare100yen_11,R3,S20_1,S31_1
Fare100yen_11,R3,S20_1,S20_2
Fare100yen_11,R3,S21_1,S22_1
Fare100yen_11,R3,S21_1,S23_1
Fare100yen_11,R3,S21_1,S24_1
Fare100yen_11,R3,S21_1,S25_1
Fare100yen_11,R3,S21_1,S26_1
Fare100yen_11,R3,S21_1,S27_1
Fare100yen_11,R3,S21_1,S28_1
Fare100yen_11,R3,S21_1,S29_1
Fare100yen_11,R3,S21_1,S30_1
Fare100yen_11,R3,S21_1,S31_1
Fare100yen_11,R3,S21_1,S20_2
Fare100yen_11,R3,S22_1,S23_1
Fare100yen_11,R3,S22_1,S24_1
Fare100yen_11,R3,S22_1,S25_1
Fare100yen_11,R3,S22_1,S26_1
Fare100yen_11,R3,S22_1,S27_1
Fare100yen_11,R3,S22_1,S28_1
Fare100yen_11,R3,S22_1,S29_1
Fare100yen_11,R3,S22_1,S30_1
Fare100yen_11,R3,S22_1,S31_1
Fare100yen_11,R3,S22_1,S20_2
Fare100yen_11,R3,S23_1,S24_1
Fare100yen_11,R3,S23_1,S25_1
Fare100yen_11,R3,S23_1,S26_1
Fare100yen_11,R3,S23_1,S27_1
Fare100yen_11,R3,S23_1,S28_1
Fare100yen_11,R3,S23_1,S29_1
Fare100yen_11,R3,S23_1,S30_1
Fare100yen_11,R3,S23_1,S31_1
Fare100yen_11,R3,S23_1,S20_2
Fare100yen_11,R3,S24_1,S25_1
Fare100yen_11,R3,S24_1,S26_1
Fare100yen_11,R3,S24_1,S27_1
Fare100yen_11,R3,S24_1,S28_1
Fare100yen_11,R3,S24_1,S29_1
Fare100yen_11,R3,S24_1,S30_1
Fare100yen_11,R3,S24_1,S31_1
Fare100yen_11,R3,S24_1,S20_2
Fare100yen_11,R3,S25_1,S26_1
Fare100yen_11,R3,S25_1,S27_1
Fare100yen_11,R3,S25_1,S28_1
Fare100yen_11,R3,S25_1,S29_1
Fare100yen_11,R3,S25_1,S30_1
Fare100yen_11,R3,S25_1,S31_1
Fare100yen_11,R3,S25_1,S20_2
Fare100yen_11,R3,S26_1,S27_1
Fare100yen_11,R3,S26_1,S28_1
Fare100yen_11,R3,S26_1,S29_1
Fare100yen_11,R3,S26_1,S30_1
Fare100yen_11,R3,S26_1,S31_1
Fare100yen_11,R3,S26_1,S20_2
Fare100yen_11,R3,S27_1,S28_1
Fare100yen_11,R3,S27_1,S29_1
Fare100yen_11,R3,S27_1,S30_1
Fare100yen_11,R3,S27_1,S31_1
Fare100yen_11,R3,S27_1,S20_2
Fare100yen_11,R3,S28_1,S29_1
Fare100yen_11,R3,S28_1,S30_1
Fare100yen_11,R3,S28_1,S31_1
Fare100yen_11,R3,S28_1,S20_2
Fare100yen_11,R3,S29_1,S30_1
Fare100yen_11,R3,S29_1,S31_1
Fare100yen_11,R3,S29_1,S20_2
Fare100yen_11,R3,S30_1,S31_1
Fare100yen_11,R3,S30_1,S20_2
Fare100yen_11,R3,S31_1,S20_2
Fare100yen_00,R4,S32_1,S33_1
Fare100yen_00,R4,S32_1,S34_1
Fare100yen_00,R4,S32_1,S35_1
Fare100yen_00,R4,S32_1,S36_1
Fare100yen_00,R4,S32_1,S37_1
Fare100yen_00,R4,S32_1,S38_1
Fare100yen_00,R4,S32_1,S39_1
Fare100yen_00,R4,S32_1,S40_1
Fare100yen_00,R4,S32_1,S41_1
Fare100yen_00,R4,S32_1,S42_1
Fare100yen_00,R4,S32_1,S43_1
Fare100yen_00,R4,S32_1,S44_1
Fare100yen_00,R4,S32_1,S45_1
Fare100yen_00,R4,S32_1,S46_1
Fare100yen_00,R4,S32_1,S47_1
Fare100yen_00,R4,S32_1,S48_1
Fare100yen_00,R4,S32_1,S49_1
Fare100yen_00,R4,S32_1,S50_1
Fare100yen_00,R4,S32_1,S51_1
Fare100yen_00,R4,S32_1,S52_1
Fare200yen_00,R4,S32_1,S53_1
Fare200yen_00,R4,S32_1,S54_1
Fare200yen_00,R4,S32_1,S55_1
Fare200yen_00,R4,S32_1,S56_1
Fare200yen_00,R4,S32_1,S57_1
Fare200yen_00,R4,S32_1,S58_1
Fare200yen_00,R4,S32_1,S25_1
Fare300yen_00,R4,S32_1,S26_1
Fare300yen_00,R4,S32_1,S27_1
Fare300yen_00,R4,S32_1,S28_1
Fare300yen_00,R4,S32_1,S29_1
Fare300yen_00,R4,S32_1,S30_1
Fare300yen_00,R4,S32_1,S31_1
Fare100yen_00,R4,S33_1,S34_1
Fare100yen_00,R4,S33_1,S35_1
Fare100yen_00,R4,S33_1,S36_1
Fare100yen_00,R4,S33_1,S37_1
Fare100yen_00,R4,S33_1,S38_1
Fare100yen_00,R4,S33_1,S39_1
Fare100yen_00,R4,S33_1,S40_1
Fare100yen_00,R4,S33_1,S41_1
Fare100yen_00,R4,S33_1,S42_1
Fare100yen_00,R4,S33_1,S43_1
Fare100yen_00,R4,S33_1,S44_1
Fare100yen_00,R4,S33_1,S45_1
Fare100yen_00,R4,S33_1,S46_1
Fare100yen_00,R4,S33_1,S47_1
Fare100yen_00,R4,S33_1,S48_1
Fare100yen_00,R4,S33_1,S49_1
Fare100yen_00,R4,S33_1,S50_1
Fare100yen_00,R4,S33_1,S51_1
Fare100yen_00,R4,S33_1,S52_1
Fare200yen_00,R4,S33_1,S53_1
Fare200yen_00,R4,S33_1,S54_1
Fare200yen_00,R4,S33_1,S55_1
Fare200yen_00,R4,S33_1,S56_1
Fare200yen_00,R4,S33_1,S57_1
Fare200yen_00,R4,S33_1,S58_1
Fare200yen_00,R4,S33_1,S25_1
Fare300yen_00,R4,S33_1,S26_1
Fare300yen_00,R4,S33_1,S27_1
Fare300yen_00,R4,S33_1,S28_1
Fare300yen_00,R4,S33_1,S29_1
Fare300yen_00,R4,S33_1,S30_1
Fare300yen_00,R4,S33_1,S31_1
Fare100yen_00,R4,S34_1,S35_1
Fare100yen_00,R4,S34_1,S36_1
Fare100yen_00,R4,S34_1,S37_1
Fare100yen_00,R4,S34_1,S38_1
Fare100yen_00,R4,S34_1,S39_1
Fare100yen_00,R4,S34_1,S40_1
Fare100yen_00,R4,S34_1,S41_1
Fare100yen_00,R4,S34_1,S42_1
Fare100yen_00,R4,S34_1,S43_1
Fare100yen_00,R4,S34_1,S44_1
Fare100yen_00,R4,S34_1,S45_1
Fare100yen_00,R4,S34_1,S46_1
Fare100yen_00,R4,S34_1,S47_1
Fare100yen_00,R4,S34_1,S48_1
Fare100yen_00,R4,S34_1,S49_1
Fare100yen_00,R4,S34_1,S50_1
Fare100yen_00,R4,S34_1,S51_1
Fare100yen_00,R4,S34_1,S52_1
Fare200yen_00,R4,S34_1,S53_1
Fare200yen_00,R4,S34_1,S54_1
Fare200yen_00,R4,S34_1,S55_1
Fare200yen_00,R4,S34_1,S56_1
Fare200yen_00,R4,S34_1,S57_1
Fare200yen_00,R4,S34_1,S58_1
Fare200yen_00,R4,S34_1,S25_1
Fare300yen_00,R4,S34_1,S26_1
Fare300yen_00,R4,S34_1,S27_1
Fare300yen_00,R4,S34_1,S28_1
Fare300yen_00,R4,S34_1,S29_1
Fare300yen_00,R4,S34_1,S30_1
Fare300yen_00,R4,S34_1,S31_1
Fare100yen_00,R4,S35_1,S36_1
Fare100yen_00,R4,S35_1,S37_1
Fare100yen_00,R4,S35_1,S38_1
Fare100yen_00,R4,S35_1,S39_1
Fare100yen_00,R4,S35_1,S40_1
Fare100yen_00,R4,S35_1,S41_1
Fare100yen_00,R4,S35_1,S42_1
Fare100yen_00,R4,S35_1,S43_1
Fare100yen_00,R4,S35_1,S44_1
Fare100yen_00,R4,S35_1,S45_1
Fare100yen_00,R4,S35_1,S46_1
Fare100yen_00,R4,S35_1,S47_1
Fare100yen_00,R4,S35_1,S48_1
Fare100yen_00,R4,S35_1,S49_1
Fare100yen_00,R4,S35_1,S50_1
Fare100yen_00,R4,S35_1,S51_1
Fare100yen_00,R4,S35_1,S52_1
Fare200yen_00,R4,S35_1,S53_1
Fare200yen_00,R4,S35_1,S54_1
Fare200yen_00,R4,S35_1,S55_1
Fare200yen_00,R4,S35_1,S56_1
Fare200yen_00,R4,S35_1,S57_1
Fare200yen_00,R4,S35_1,S58_1
Fare200yen_00,R4,S35_1,S25_1
Fare300yen_00,R4,S35_1,S26_1
Fare300yen_00,R4,S35_1,S27_1
Fare300yen_00,R4,S35_1,S28_1
Fare300yen_00,R4,S35_1,S29_1
Fare300yen_00,R4,S35_1,S30_1
Fare300yen_00,R4,S35_1,S31_1
Fare100yen_00,R4,S36_1,S37_1
Fare100yen_00,R4,S36_1,S38_1
Fare100yen_00,R4,S36_1,S39_1
Fare100yen_00,R4,S36_1,S40_1
Fare100yen_00,R4,S36_1,S41_1
Fare100yen_00,R4,S36_1,S42_1
Fare100yen_00,R4,S36_1,S43_1
Fare100yen_00,R4,S36_1,S44_1
Fare100yen_00,R4,S36_1,S45_1
Fare100yen_00,R4,S36_1,S46_1
Fare100yen_00,R4,S36_1,S47_1
Fare100yen_00,R4,S36_1,S48_1
Fare100yen_00,R4,S36_1,S49_1
Fare100yen_00,R4,S36_1,S50_1
Fare100yen_00,R4,S36_1,S51_1
Fare100yen_00,R4,S36_1,S52_1
Fare200yen_00,R4,S36_1,S53_1
Fare200yen_00,R4,S36_1,S54_1
Fare200yen_00,R4,S36_1,S55_1
Fare200yen_00,R4,S36_1,S56_1
Fare200yen_00,R4,S36_1,S57_1
Fare200yen_00,R4,S36_1,S58_1
Fare200yen_00,R4,S36_1,S25_1
Fare300yen_00,R4,S36_1,S26_1
Fare300yen_00,R4,S36_1,S27_1
Fare300yen_00,R4,S36_1,S28_1
Fare300yen_00,R4,S36_1,S29_1
Fare300yen_00,R4,S36_1,S30_1
Fare300yen_00,R4,S36_1,S31_1
Fare100yen_00,R4,S37_1,S38_1
Fare100yen_00,R4,S37_1,S39_1
Fare100yen_00,R4,S37_1,S40_1
Fare100yen_00,R4,S37_1,S41_1
Fare100yen_00,R4,S37_1,S42_1
Fare100yen_00,R4,S37_1,S43_1
Fare100yen_00,R4,S37_1,S44_1
Fare100yen_00,R4,S37_1,S45_1
Fare100yen_00,R4,S37_1,S46_1
Fare100yen_00,R4,S37_1,S47_1
Fare100yen_00,R4,S37_1,S48_1
Fare100yen_00,R4,S37_1,S49_1
Fare100yen_00,R4,S37_1,S50_1
Fare100yen_00,R4,S37_1,S51_1
Fare100yen_00,R4,S37_1,S52_1
Fare200yen_00,R4,S37_1,S53_1
Fare200yen_00,R4,S37_1,S54_1
Fare200yen_00,R4,S37_1,S55_1
Fare200yen_00,R4,S37_1,S56_1
Fare200yen_00,R4,S37_1,S57_1
Fare200yen_00,R4,S37_1,S58_1
Fare200yen_00,R4,S37_1,S25_1
Fare300yen_00,R4,S37_1,S26_1
Fare300yen_00,R4,S37_1,S27_1
Fare300yen_00,R4,S37_1,S28_1
Fare300yen_00,R4,S37_1,S29_1
Fare300yen_00,R4,S37_1,S30_1
Fare300yen_00,R4,S37_1,S31_1
Fare100yen_00,R4,S38_1,S39_1
Fare100yen_00,R4,S38_1,S40_1
Fare100yen_00,R4,S38_1,S41_1
Fare100yen_00,R4,S38_1,S42_1
Fare100yen_00,R4,S38_1,S43_1
Fare100yen_00,R4,S38_1,S44_1
Fare100yen_00,R4,S38_1,S45_1
Fare100yen_00,R4,S38_1,S46_1
Fare100yen_00,R4,S38_1,S47_1
Fare100yen_00,R4,S38_1,S48_1
Fare100yen_00,R4,S38_1,S49_1
Fare100yen_00,R4,S38_1,S50_1
Fare100yen_00,R4,S38_1,S51_1
Fare100yen_00,R4,S38_1,S52_1
Fare200yen_00,R4,S38_1,S53_1
Fare200yen_00,R4,S38_1,S54_1
Fare200yen_00,R4,S38_1,S55_1
Fare200yen_00,R4,S38_1,S56_1
Fare200yen_00,R4,S38_1,S57_1
Fare200yen_00,R4,S38_1,S58_1
Fare200yen_00,R4,S38_1,S25_1
Fare300yen_00,R4,S38_1,S26_1
Fare300yen_00,R4,S38_1,S27_1
Fare300yen_00,R4,S38_1,S28_1
Fare300yen_00,R4,S38_1,S29_1
Fare300yen_00,R4,S38_1,S30_1
Fare300yen_00,R4,S38_1,S31_1
Fare100yen_00,R4,S39_1,S40_1
Fare100yen_00,R4,S39_1,S41_1
Fare100yen_00,R4,S39_1,S42_1
Fare100yen_00,R4,S39_1,S43_1
Fare100yen_00,R4,S39_1,S44_1
Fare100yen_00,R4,S39_1,S45_1
Fare100yen_00,R4,S39_1,S46_1
Fare100yen_00,R4,S39_1,S47_1
Fare100yen_00,R4,S39_1,S48_1
Fare100yen_00,R4,S39_1,S49_1
Fare100yen_00,R4,S39_1,S50_1
Fare100yen_00,R4,S39_1,S51_1
Fare100yen_00,R4,S39_1,S52_1
Fare200yen_00,R4,S39_1,S53_1
Fare200yen_00,R4,S39_1,S54_1
Fare200yen_00,R4,S39_1,S55_1
Fare200yen_00,R4,S39_1,S56_1
Fare200yen_00,R4,S39_1,S57_1
Fare200yen_00,R4,S39_1,S58_1
Fare200yen_00,R4,S39_1,S25_1
Fare300yen_00,R4,S39_1,S26_1
Fare300yen_00,R4,S39_1,S27_1
Fare300yen_00,R4,S39_1,S28_1
Fare300yen_00,R4,S39_1,S29_1
Fare300yen_00,R4,S39_1,S30_1
Fare300yen_00,R4,S39_1,S31_1
Fare100yen_00,R4,S40_1,S41_1
Fare100yen_00,R4,S40_1,S42_1
Fare100yen_00,R4,S40_1,S43_1
Fare100yen_00,R4,S40_1,S44_1
Fare100yen_00,R4,S40_1,S45_1
Fare100yen_00,R4,S40_1,S46_1
Fare100yen_00,R4,S40_1,S47_1
Fare100yen_00,R4,S40_1,S48_1
Fare100yen_00,R4,S40_1,S49_1
Fare100yen_00,R4,S40_1,S50_1
Fare100yen_00,R4,S40_1,S51_1
Fare100yen_00,R4,S40_1,S52_1
Fare200yen_00,R4,S40_1,S53_1
Fare200yen_00,R4,S40_1,S54_1
Fare200yen_00,R4,S40_1,S55_1
Fare200yen_00,R4,S40_1,S56_1
Fare200yen_00,R4,S40_1,S57_1
Fare200yen_00,R4,S40_1,S58_1
Fare200yen_00,R4,S40_1,S25_1
Fare300yen_00,R4,S40_1,S26_1
Fare300yen_00,R4,S40_1,S27_1
Fare300yen_00,R4,S40_1,S28_1
Fare300yen_00,R4,S40_1,S29_1
Fare300yen_00,R4,S40_1,S30_1
Fare300yen_00,R4,S40_1,S31_1
Fare100yen_00,R4,S41_1,S42_1
Fare100yen_00,R4,S41_1,S43_1
Fare100yen_00,R4,S41_1,S44_1
Fare100yen_00,R4,S41_1,S45_1
Fare100yen_00,R4,S41_1,S46_1
Fare100yen_00,R4,S41_1,S47_1
Fare100yen_00,R4,S41_1,S48_1
Fare100yen_00,R4,S41_1,S49_1
Fare100yen_00,R4,S41_1,S50_1
Fare100yen_00,R4,S41_1,S51_1
Fare100yen_00,R4,S41_1,S52_1
Fare200yen_00,R4,S41_1,S53_1
Fare200yen_00,R4,S41_1,S54_1
Fare200yen_00,R4,S41_1,S55_1
Fare200yen_00,R4,S41_1,S56_1
Fare200yen_00,R4,S41_1,S57_1
Fare200yen_00,R4,S41_1,S58_1
Fare200yen_00,R4,S41_1,S25_1
Fare300yen_00,R4,S41_1,S26_1
Fare300yen_00,R4,S41_1,S27_1
Fare300yen_00,R4,S41_1,S28_1
Fare300yen_00,R4,S41_1,S29_1
Fare300yen_00,R4,S41_1,S30_1
Fare300yen_00,R4,S41_1,S31_1
Fare100yen_00,R4,S42_1,S43_1
Fare100yen_00,R4,S42_1,S44_1
Fare100yen_00,R4,S42_1,S45_1
Fare100yen_00,R4,S42_1,S46_1
Fare100yen_00,R4,S42_1,S47_1
Fare100yen_00,R4,S42_1,S48_1
Fare100yen_00,R4,S42_1,S49_1
Fare100yen_00,R4,S42_1,S50_1
Fare100yen_00,R4,S42_1,S51_1
Fare100yen_00,R4,S42_1,S52_1
Fare200yen_00,R4,S42_1,S53_1
Fare200yen_00,R4,S42_1,S54_1
Fare200yen_00,R4,S42_1,S55_1
Fare200yen_00,R4,S42_1,S56_1
Fare200yen_00,R4,S42_1,S57_1
Fare200yen_00,R4,S42_1,S58_1
Fare200yen_00,R4,S42_1,S25_1
Fare300yen_00,R4,S42_1,S26_1
Fare300yen_00,R4,S42_1,S27_1
Fare300yen_00,R4,S42_1,S28_1
Fare300yen_00,R4,S42_1,S29_1
Fare300yen_00,R4,S42_1,S30_1
Fare300yen_00,R4,S42_1,S31_1
Fare100yen_00,R4,S43_1,S44_1
Fare100yen_00,R4,S43_1,S45_1
Fare100yen_00,R4,S43_1,S46_1
Fare100yen_00,R4,S43_1,S47_1
Fare100yen_00,R4,S43_1,S48_1
Fare100yen_00,R4,S43_1,S49_1
Fare100yen_00,R4,S43_1,S50_1
Fare100yen_00,R4,S43_1,S51_1
Fare100yen_00,R4,S43_1,S52_1
Fare200yen_00,R4,S43_1,S53_1
Fare200yen_00,R4,S43_1,S54_1
Fare200yen_00,R4,S43_1,S55_1
Fare200yen_00,R4,S43_1,S56_1
Fare200yen_00,R4,S43_1,S57_1
Fare200yen_00,R4,S43_1,S58_1
Fare200yen_00,R4,S43_1,S25_1
Fare300yen_00,R4,S43_1,S26_1
Fare300yen_00,R4,S43_1,S27_1
Fare300yen_00,R4,S43_1,S28_1
Fare300yen_00,R4,S43_1,S29_1
Fare300yen_00,R4,S43_1,S30_1
Fare300yen_00,R4,S43_1,S31_1
Fare100yen_00,R4,S44_1,S45_1
Fare100yen_00,R4,S44_1,S46_1
Fare100yen_00,R4,S44_1,S47_1
Fare100yen_00,R4,S44_1,S48_1
Fare100yen_00,R4,S44_1,S49_1
Fare100yen_00,R4,S44_1,S50_1
Fare100yen_00,R4,S44_1,S51_1
Fare100yen_00,R4,S44_1,S52_1
Fare200yen_00,R4,S44_1,S53_1
Fare200yen_00,R4,S44_1,S54_1
Fare200yen_00,R4,S44_1,S55_1
Fare200yen_00,R4,S44_1,S56_1
Fare200yen_00,R4,S44_1,S57_1
Fare200yen_00,R4,S44_1,S58_1
Fare200yen_00,R4,S44_1,S25_1
Fare300yen_00,R4,S44_1,S26_1
Fare300yen_00,R4,S44_1,S27_1
Fare300yen_00,R4,S44_1,S28_1
Fare300yen_00,R4,S44_1,S29_1
Fare300yen_00,R4,S44_1,S30_1
Fare300yen_00,R4,S44_1,S31_1
Fare100yen_00,R4,S45_1,S46_1
Fare100yen_00,R4,S45_1,S47_1
Fare100yen_00,R4,S45_1,S48_1
Fare100yen_00,R4,S45_1,S49_1
Fare100yen_00,R4,S45_1,S50_1
Fare100yen_00,R4,S45_1,S51_1
Fare100yen_00,R4,S45_1,S52_1
Fare200yen_00,R4,S45_1,S53_1
Fare200yen_00,R4,S45_1,S54_1
Fare200yen_00,R4,S45_1,S55_1
Fare200yen_00,R4,S45_1,S56_1
Fare200yen_00,R4,S45_1,S57_1
Fare200yen_00,R4,S45_1,S58_1
Fare200yen_00,R4,S45_1,S25_1
Fare300yen_00,R4,S45_1,S26_1
Fare300yen_00,R4,S45_1,S27_1
Fare300yen_00,R4,S45_1,S28_1
Fare300yen_00,R4,S45_1,S29_1
Fare300yen_00,R4,S45_1,S30_1
Fare300yen_00,R4,S45_1,S31_1
Fare100yen_00,R4,S46_1,S47_1
Fare100yen_00,R4,S46_1,S48_1
Fare100yen_00,R4,S46_1,S49_1
Fare100yen_00,R4,S46_1,S50_1
Fare100yen_00,R4,S46_1,S51_1
Fare100yen_00,R4,S46_1,S52_1
Fare200yen_00,R4,S46_1,S53_1
Fare200yen_00,R4,S46_1,S54_1
Fare200yen_00,R4,S46_1,S55_1
Fare200yen_00,R4,S46_1,S56_1
Fare200yen_00,R4,S46_1,S57_1
Fare200yen_00,R4,S46_1,S58_1
Fare200yen_00,R4,S46_1,S25_1
Fare300yen_00,R4,S46_1,S26_1
Fare300yen_00,R4,S46_1,S27_1
Fare300yen_00,R4,S46_1,S28_1
Fare300yen_00,R4,S46_1,S29_1
Fare300yen_00,R4,S46_1,S30_1
Fare300yen_00,R4,S46_1,S31_1
Fare100yen_00,R4,S47_1,S48_1
Fare100yen_00,R4,S47_1,S49_1
Fare100yen_00,R4,S47_1,S50_1
Fare100yen_00,R4,S47_1,S51_1
Fare100yen_00,R4,S47_1,S52_1
Fare200yen_00,R4,S47_1,S53_1
Fare200yen_00,R4,S47_1,S54_1
Fare200yen_00,R4,S47_1,S55_1
Fare200yen_00,R4,S47_1,S56_1
Fare200yen_00,R4,S47_1,S57_1
Fare200yen_00,R4,S47_1,S58_1
Fare200yen_00,R4,S47_1,S25_1
Fare300yen_00,R4,S47_1,S26_1
Fare300yen_00,R4,S47_1,S27_1
Fare300yen_00,R4,S47_1,S28_1
Fare300yen_00,R4,S47_1,S29_1
Fare300yen_00,R4,S47_1,S30_1
Fare300yen_00,R4,S47_1,S31_1
Fare100yen_00,R4,S48_1,S49_1
Fare100yen_00,R4,S48_1,S50_1
Fare100yen_00,R4,S48_1,S51_1
Fare100yen_00,R4,S48_1,S52_1
Fare200yen_00,R4,S48_1,S53_1
Fare200yen_00,R4,S48_1,S54_1
Fare200yen_00,R4,S48_1,S55_1
Fare200yen_00,R4,S48_1,S56_1
Fare200yen_00,R4,S48_1,S57_1
Fare200yen_00,R4,S48_1,S58_1
Fare200yen_00,R4,S48_1,S25_1
Fare300yen_00,R4,S48_1,S26_1
Fare300yen_00,R4,S48_1,S27_1
Fare300yen_00,R4,S48_1,S28_1
Fare300yen_00,R4,S48_1,S29_1
Fare300yen_00,R4,S48_1,S30_1
Fare300yen_00,R4,S48_1,S31_1
Fare100yen_00,R4,S49_1,S50_1
Fare100yen_00,R4,S49_1,S51_1
Fare100yen_00,R4,S49_1,S52_1
Fare200yen_00,R4,S49_1,S53_1
Fare200yen_00,R4,S49_1,S54_1
Fare200yen_00,R4,S49_1,S55_1
Fare200yen_00,R4,S49_1,S56_1
Fare200yen_00,R4,S49_1,S57_1
Fare200yen_00,R4,S49_1,S58_1
Fare200yen_00,R4,S49_1,S25_1
Fare300yen_00,R4,S49_1,S26_1
Fare300yen_00,R4,S49_1,S27_1
Fare300yen_00,R4,S49_1,S28_1
Fare300yen_00,R4,S49_1,S29_1
Fare300yen_00,R4,S49_1,S30_1
Fare300yen_00,R4,S49_1,S31_1
Fare100yen_00,R4,S50_1,S51_1
Fare100yen_00,R4,S50_1,S52_1
Fare100yen_00,R4,S50_1,S53_1
Fare200yen_00,R4,S50_1,S54_1
Fare200yen_00,R4,S50_1,S55_1
Fare200yen_00,R4,S50_1,S56_1
Fare200yen_00,R4,S50_1,S57_1
Fare200yen_00,R4,S50_1,S58_1
Fare200yen_00,R4,S50_1,S25_1
Fare300yen_00,R4,S50_1,S26_1
Fare300yen_00,R4,S50_1,S27_1
Fare300yen_00,R4,S50_1,S28_1
Fare300yen_00,R4,S50_1,S29_1
Fare300yen_00,R4,S50_1,S30_1
Fare300yen_00,R4,S50_1,S31_1
Fare100yen_00,R4,S51_1,S52_1
Fare100yen_00,R4,S51_1,S53_1
Fare200yen_00,R4,S51_1,S54_1
Fare200yen_00,R4,S51_1,S55_1
Fare200yen_00,R4,S51_1,S56_1
Fare200yen_00,R4,S51_1,S57_1
Fare200yen_00,R4,S51_1,S58_1
Fare200yen_00,R4,S51_1,S25_1
Fare300yen_00,R4,S51_1,S26_1
Fare300yen_00,R4,S51_1,S27_1
Fare300yen_00,R4,S51_1,S28_1
Fare300yen_00,R4,S51_1,S29_1
Fare300yen_00,R4,S51_1,S30_1
Fare300yen_00,R4,S51_1,S31_1
Fare100yen_00,R4,S52_1,S53_1
Fare100yen_00,R4,S52_1,S54_1
Fare100yen_00,R4,S52_1,S55_1
Fare100yen_00,R4,S52_1,S56_1
Fare100yen_00,R4,S52_1,S57_1
Fare100yen_00,R4,S52_1,S58_1
Fare100yen_00,R4,S52_1,S25_1
Fare200yen_00,R4,S52_1,S26_1
Fare200yen_00,R4,S52_1,S27_1
Fare200yen_00,R4,S52_1,S28_1
Fare200yen_00,R4,S52_1,S29_1
Fare200yen_00,R4,S52_1,S30_1
Fare200yen_00,R4,S52_1,S31_1
Fare100yen_00,R4,S53_1,S54_1
Fare100yen_00,R4,S53_1,S55_1
Fare100yen_00,R4,S53_1,S56_1
Fare100yen_00,R4,S53_1,S57_1
Fare100yen_00,R4,S53_1,S58_1
Fare100yen_00,R4,S53_1,S25_1
Fare200yen_00,R4,S53_1,S26_1
Fare200yen_00,R4,S53_1,S27_1
Fare200yen_00,R4,S53_1,S28_1
Fare200yen_00,R4,S53_1,S29_1
Fare200yen_00,R4,S53_1,S30_1
Fare200yen_00,R4,S53_1,S31_1
Fare100yen_00,R4,S54_1,S55_1
Fare100yen_00,R4,S54_1,S56_1
Fare100yen_00,R4,S54_1,S57_1
Fare100yen_00,R4,S54_1,S58_1
Fare100yen_00,R4,S54_1,S25_1
Fare200yen_00,R4,S54_1,S26_1
Fare200yen_00,R4,S54_1,S27_1
Fare200yen_00,R4,S54_1,S28_1
Fare200yen_00,R4,S54_1,S29_1
Fare200yen_00,R4,S54_1,S30_1
Fare200yen_00,R4,S54_1,S31_1
Fare100yen_00,R4,S55_1,S56_1
Fare100yen_00,R4,S55_1,S57_1
Fare100yen_00,R4,S55_1,S58_1
Fare100yen_00,R4,S55_1,S25_1
Fare200yen_00,R4,S55_1,S26_1
Fare200yen_00,R4,S55_1,S27_1
Fare200yen_00,R4,S55_1,S28_1
Fare200yen_00,R4,S55_1,S29_1
Fare200yen_00,R4,S55_1,S30_1
Fare200yen_00,R4,S55_1,S31_1
Fare100yen_00,R4,S56_1,S57_1
Fare100yen_00,R4,S56_1,S58_1
Fare100yen_00,R4,S56_1,S25_1
Fare200yen_00,R4,S56_1,S26_1
Fare200yen_00,R4,S56_1,S27_1
Fare200yen_00,R4,S56_1,S28_1
Fare200yen_00,R4,S56_1,S29_1
Fare200yen_00,R4,S56_1,S30_1
Fare200yen_00,R4,S56_1,S31_1
Fare100yen_00,R4,S57_1,S58_1
Fare100yen_00,R4,S57_1,S25_1
Fare200yen_00,R4,S57_1,S26_1
Fare200yen_00,R4,S57_1,S27_1
Fare200yen_00,R4,S57_1,S28_1
Fare200yen_00,R4,S57_1,S29_1
Fare200yen_00,R4,S57_1,S30_1
Fare200yen_00,R4,S57_1,S31_1
Fare100yen_00,R4,S58_1,S25_1
Fare200yen_00,R4,S58_1,S26_1
Fare200yen_00,R4,S58_1,S27_1
Fare200yen_00,R4,S58_1,S28_1
Fare200yen_00,R4,S58_1,S29_1
Fare200yen_00,R4,S58_1,S30_1
Fare200yen_00,R4,S58_1,S31_1
Fare100yen_00,R4,S25_1,S26_1
Fare100yen_00,R4,S25_1,S27_1
Fare100yen_00,R4,S25_1,S28_1
Fare100yen_00,R4,S25_1,S29_1
Fare100yen_00,R4,S25_1,S30_1
Fare100yen_00,R4,S25_1,S31_1
Fare100yen_00,R4,S26_1,S27_1
Fare100yen_00,R4,S26_1,S28_1
Fare100yen_00,R4,S26_1,S29_1
Fare100yen_00,R4,S26_1,S30_1
Fare100yen_00,R4,S26_1,S31_1
Fare100yen_00,R4,S27_1,S28_1
Fare100yen_00,R4,S27_1,S29_1
Fare100yen_00,R4,S27_1,S30_1
Fare100yen_00,R4,S27_1,S31_1
Fare100yen_00,R4,S28_1,S29_1
Fare100yen_00,R4,S28_1,S30_1
Fare100yen_00,R4,S28_1,S31_1
Fare100yen_00,R4,S29_1,S30_1
Fare100yen_00,R4,S29_1,S31_1
Fare100yen_00,R4,S30_1,S31_1
Fare100yen_00,R5,S31_1,S30_1
Fare100yen_00,R5,S31_1,S29_1
Fare100yen_00,R5,S31_1,S28_1
Fare100yen_00,R5,S31_1,S27_1
Fare100yen_00,R5,S31_1,S26_1
Fare100yen_00,R5,S31_1,S24_1
Fare100yen_00,R5,S31_1,S25_1
Fare200yen_00,R5,S31_1,S58_1
Fare200yen_00,R5,S31_1,S57_1
Fare200yen_00,R5,S31_1,S56_1
Fare200yen_00,R5,S31_1,S55_1
Fare200yen_00,R5,S31_1,S54_1
Fare200yen_00,R5,S31_1,S53_1
Fare200yen_00,R5,S31_1,S52_1
Fare300yen_00,R5,S31_1,S51_1
Fare300yen_00,R5,S31_1,S50_1
Fare300yen_00,R5,S31_1,S49_1
Fare300yen_00,R5,S31_1,S48_1
Fare300yen_00,R5,S31_1,S47_1
Fare300yen_00,R5,S31_1,S46_1
Fare300yen_00,R5,S31_1,S45_1
Fare300yen_00,R5,S31_1,S44_1
Fare300yen_00,R5,S31_1,S43_1
Fare300yen_00,R5,S31_1,S42_1
Fare300yen_00,R5,S31_1,S41_1
Fare300yen_00,R5,S31_1,S40_1
Fare300yen_00,R5,S31_1,S39_1
Fare300yen_00,R5,S31_1,S38_1
Fare300yen_00,R5,S31_1,S37_1
Fare300yen_00,R5,S31_1,S36_1
Fare300yen_00,R5,S31_1,S35_1
Fare300yen_00,R5,S31_1,S34_1
Fare300yen_00,R5,S31_1,S33_1
Fare300yen_00,R5,S31_1,S32_1
Fare100yen_00,R5,S30_1,S29_1
Fare100yen_00,R5,S30_1,S28_1
Fare100yen_00,R5,S30_1,S27_1
Fare100yen_00,R5,S30_1,S26_1
Fare100yen_00,R5,S30_1,S24_1
Fare100yen_00,R5,S30_1,S25_1
Fare200yen_00,R5,S30_1,S58_1
Fare200yen_00,R5,S30_1,S57_1
Fare200yen_00,R5,S30_1,S56_1
Fare200yen_00,R5,S30_1,S55_1
Fare200yen_00,R5,S30_1,S54_1
Fare200yen_00,R5,S30_1,S53_1
Fare200yen_00,R5,S30_1,S52_1
Fare300yen_00,R5,S30_1,S51_1
Fare300yen_00,R5,S30_1,S50_1
Fare300yen_00,R5,S30_1,S49_1
Fare300yen_00,R5,S30_1,S48_1
Fare300yen_00,R5,S30_1,S47_1
Fare300yen_00,R5,S30_1,S46_1
Fare300yen_00,R5,S30_1,S45_1
Fare300yen_00,R5,S30_1,S44_1
Fare300yen_00,R5,S30_1,S43_1
Fare300yen_00,R5,S30_1,S42_1
Fare300yen_00,R5,S30_1,S41_1
Fare300yen_00,R5,S30_1,S40_1
Fare300yen_00,R5,S30_1,S39_1
Fare300yen_00,R5,S30_1,S38_1
Fare300yen_00,R5,S30_1,S37_1
Fare300yen_00,R5,S30_1,S36_1
Fare300yen_00,R5,S30_1,S35_1
Fare300yen_00,R5,S30_1,S34_1
Fare300yen_00,R5,S30_1,S33_1
Fare300yen_00,R5,S30_1,S32_1
Fare100yen_00,R5,S29_1,S28_1
Fare100yen_00,R5,S29_1,S27_1
Fare100yen_00,R5,S29_1,S26_1
Fare100yen_00,R5,S29_1,S24_1
Fare100yen_00,R5,S29_1,S25_1
Fare200yen_00,R5,S29_1,S58_1
Fare200yen_00,R5,S29_1,S57_1
Fare200yen_00,R5,S29_1,S56_1
Fare200yen_00,R5,S29_1,S55_1
Fare200yen_00,R5,S29_1,S54_1
Fare200yen_00,R5,S29_1,S53_1
Fare200yen_00,R5,S29_1,S52_1
Fare300yen_00,R5,S29_1,S51_1
Fare300yen_00,R5,S29_1,S50_1
Fare300yen_00,R5,S29_1,S49_1
Fare300yen_00,R5,S29_1,S48_1
Fare300yen_00,R5,S29_1,S47_1
Fare300yen_00,R5,S29_1,S46_1
Fare300yen_00,R5,S29_1,S45_1
Fare300yen_00,R5,S29_1,S44_1
Fare300yen_00,R5,S29_1,S43_1
Fare300yen_00,R5,S29_1,S42_1
Fare300yen_00,R5,S29_1,S41_1
Fare300yen_00,R5,S29_1,S40_1
Fare300yen_00,R5,S29_1,S39_1
Fare300yen_00,R5,S29_1,S38_1
Fare300yen_00,R5,S29_1,S37_1
Fare300yen_00,R5,S29_1,S36_1
Fare300yen_00,R5,S29_1,S35_1
Fare300yen_00,R5,S29_1,S34_1
Fare300yen_00,R5,S29_1,S33_1
Fare300yen_00,R5,S29_1,S32_1
Fare100yen_00,R5,S28_1,S27_1
Fare100yen_00,R5,S28_1,S26_1
Fare100yen_00,R5,S28_1,S24_1
Fare100yen_00,R5,S28_1,S25_1
Fare200yen_00,R5,S28_1,S58_1
Fare200yen_00,R5,S28_1,S57_1
Fare200yen_00,R5,S28_1,S56_1
Fare200yen_00,R5,S28_1,S55_1
Fare200yen_00,R5,S28_1,S54_1
Fare200yen_00,R5,S28_1,S53_1
Fare200yen_00,R5,S28_1,S52_1
Fare300yen_00,R5,S28_1,S51_1
Fare300yen_00,R5,S28_1,S50_1
Fare300yen_00,R5,S28_1,S49_1
Fare300yen_00,R5,S28_1,S48_1
Fare300yen_00,R5,S28_1,S47_1
Fare300yen_00,R5,S28_1,S46_1
Fare300yen_00,R5,S28_1,S45_1
Fare300yen_00,R5,S28_1,S44_1
Fare300yen_00,R5,S28_1,S43_1
Fare300yen_00,R5,S28_1,S42_1
Fare300yen_00,R5,S28_1,S41_1
Fare300yen_00,R5,S28_1,S40_1
Fare300yen_00,R5,S28_1,S39_1
Fare300yen_00,R5,S28_1,S38_1
Fare300yen_00,R5,S28_1,S37_1
Fare300yen_00,R5,S28_1,S36_1
Fare300yen_00,R5,S28_1,S35_1
Fare300yen_00,R5,S28_1,S34_1
Fare300yen_00,R5,S28_1,S33_1
Fare300yen_00,R5,S28_1,S32_1
Fare100yen_00,R5,S27_1,S26_1
Fare100yen_00,R5,S27_1,S24_1
Fare100yen_00,R5,S27_1,S25_1
Fare200yen_00,R5,S27_1,S58_1
Fare200yen_00,R5,S27_1,S57_1
Fare200yen_00,R5,S27_1,S56_1
Fare200yen_00,R5,S27_1,S55_1
Fare200yen_00,R5,S27_1,S54_1
Fare200yen_00,R5,S27_1,S53_1
Fare200yen_00,R5,S27_1,S52_1
Fare300yen_00,R5,S27_1,S51_1
Fare300yen_00,R5,S27_1,S50_1
Fare300yen_00,R5,S27_1,S49_1
Fare300yen_00,R5,S27_1,S48_1
Fare300yen_00,R5,S27_1,S47_1
Fare300yen_00,R5,S27_1,S46_1
Fare300yen_00,R5,S27_1,S45_1
Fare300yen_00,R5,S27_1,S44_1
Fare300yen_00,R5,S27_1,S43_1
Fare300yen_00,R5,S27_1,S42_1
Fare300yen_00,R5,S27_1,S41_1
Fare300yen_00,R5,S27_1,S40_1
Fare300yen_00,R5,S27_1,S39_1
Fare300yen_00,R5,S27_1,S38_1
Fare300yen_00,R5,S27_1,S37_1
Fare300yen_00,R5,S27_1,S36_1
Fare300yen_00,R5,S27_1,S35_1
Fare300yen_00,R5,S27_1,S34_1
Fare300yen_00,R5,S27_1,S33_1
Fare300yen_00,R5,S27_1,S32_1
Fare100yen_00,R5,S26_1,S24_1
Fare100yen_00,R5,S26_1,S25_1
Fare200yen_00,R5,S26_1,S58_1
Fare200yen_00,R5,S26_1,S57_1
Fare200yen_00,R5,S26_1,S56_1
Fare200yen_00,R5,S26_1,S55_1
Fare200yen_00,R5,S26_1,S54_1
Fare200yen_00,R5,S26_1,S53_1
Fare200yen_00,R5,S26_1,S52_1
Fare300yen_00,R5,S26_1,S51_1
Fare300yen_00,R5,S26_1,S50_1
Fare300yen_00,R5,S26_1,S49_1
Fare300yen_00,R5,S26_1,S48_1
Fare300yen_00,R5,S26_1,S47_1
Fare300yen_00,R5,S26_1,S46_1
Fare300yen_00,R5,S26_1,S45_1
Fare300yen_00,R5,S26_1,S44_1
Fare300yen_00,R5,S26_1,S43_1
Fare300yen_00,R5,S26_1,S42_1
Fare300yen_00,R5,S26_1,S41_1
Fare300yen_00,R5,S26_1,S40_1
Fare300yen_00,R5,S26_1,S39_1
Fare300yen_00,R5,S26_1,S38_1
Fare300yen_00,R5,S26_1,S37_1
Fare300yen_00,R5,S26_1,S36_1
Fare300yen_00,R5,S26_1,S35_1
Fare300yen_00,R5,S26_1,S34_1
Fare300yen_00,R5,S26_1,S33_1
Fare300yen_00,R5,S26_1,S32_1
Fare100yen_00,R5,S24_1,S25_1
Fare200yen_00,R5,S24_1,S58_1
Fare200yen_00,R5,S24_1,S57_1
Fare200yen_00,R5,S24_1,S56_1
Fare200yen_00,R5,S24_1,S55_1
Fare200yen_00,R5,S24_1,S54_1
Fare200yen_00,R5,S24_1,S53_1
Fare200yen_00,R5,S24_1,S52_1
Fare300yen_00,R5,S24_1,S51_1
Fare300yen_00,R5,S24_1,S50_1
Fare300yen_00,R5,S24_1,S49_1
Fare300yen_00,R5,S24_1,S48_1
Fare300yen_00,R5,S24_1,S47_1
Fare300yen_00,R5,S24_1,S46_1
Fare300yen_00,R5,S24_1,S45_1
Fare300yen_00,R5,S24_1,S44_1
Fare300yen_00,R5,S24_1,S43_1
Fare300yen_00,R5,S24_1,S42_1
Fare300yen_00,R5,S24_1,S41_1
Fare300yen_00,R5,S24_1,S40_1
Fare300yen_00,R5,S24_1,S39_1
Fare300yen_00,R5,S24_1,S38_1
Fare300yen_00,R5,S24_1,S37_1
Fare300yen_00,R5,S24_1,S36_1
Fare300yen_00,R5,S24_1,S35_1
Fare300yen_00,R5,S24_1,S34_1
Fare300yen_00,R5,S24_1,S33_1
Fare300yen_00,R5,S24_1,S32_1
Fare100yen_00,R5,S25_1,S58_1
Fare100yen_00,R5,S25_1,S57_1
Fare100yen_00,R5,S25_1,S56_1
Fare100yen_00,R5,S25_1,S55_1
Fare100yen_00,R5,S25_1,S54_1
Fare100yen_00,R5,S25_1,S53_1
Fare100yen_00,R5,S25_1,S52_1
Fare200yen_00,R5,S25_1,S51_1
Fare200yen_00,R5,S25_1,S50_1
Fare200yen_00,R5,S25_1,S49_1
Fare200yen_00,R5,S25_1,S48_1
Fare200yen_00,R5,S25_1,S47_1
Fare200yen_00,R5,S25_1,S46_1
Fare200yen_00,R5,S25_1,S45_1
Fare200yen_00,R5,S25_1,S44_1
Fare200yen_00,R5,S25_1,S43_1
Fare200yen_00,R5,S25_1,S42_1
Fare200yen_00,R5,S25_1,S41_1
Fare200yen_00,R5,S25_1,S40_1
Fare200yen_00,R5,S25_1,S39_1
Fare200yen_00,R5,S25_1,S38_1
Fare200yen_00,R5,S25_1,S37_1
Fare200yen_00,R5,S25_1,S36_1
Fare200yen_00,R5,S25_1,S35_1
Fare200yen_00,R5,S25_1,S34_1
Fare200yen_00,R5,S25_1,S33_1
Fare200yen_00,R5,S25_1,S32_1
Fare100yen_00,R5,S58_1,S57_1
Fare100yen_00,R5,S58_1,S56_1
Fare100yen_00,R5,S58_1,S55_1
Fare100yen_00,R5,S58_1,S54_1
Fare100yen_00,R5,S58_1,S53_1
Fare100yen_00,R5,S58_1,S52_1
Fare200yen_00,R5,S58_1,S51_1
Fare200yen_00,R5,S58_1,S50_1
Fare200yen_00,R5,S58_1,S49_1
Fare200yen_00,R5,S58_1,S48_1
Fare200yen_00,R5,S58_1,S47_1
Fare200yen_00,R5,S58_1,S46_1
Fare200yen_00,R5,S58_1,S45_1
Fare200yen_00,R5,S58_1,S44_1
Fare200yen_00,R5,S58_1,S43_1
Fare200yen_00,R5,S58_1,S42_1
Fare200yen_00,R5,S58_1,S41_1
Fare200yen_00,R5,S58_1,S40_1
Fare200yen_00,R5,S58_1,S39_1
Fare200yen_00,R5,S58_1,S38_1
Fare200yen_00,R5,S58_1,S37_1
Fare200yen_00,R5,S58_1,S36_1
Fare200yen_00,R5,S58_1,S35_1
Fare200yen_00,R5,S58_1,S34_1
Fare200yen_00,R5,S58_1,S33_1
Fare200yen_00,R5,S58_1,S32_1
Fare100yen_00,R5,S57_1,S56_1
Fare100yen_00,R5,S57_1,S55_1
Fare100yen_00,R5,S57_1,S54_1
Fare100yen_00,R5,S57_1,S53_1
Fare100yen_00,R5,S57_1,S52_1
Fare200yen_00,R5,S57_1,S51_1
Fare200yen_00,R5,S57_1,S50_1
Fare200yen_00,R5,S57_1,S49_1
Fare200yen_00,R5,S57_1,S48_1
Fare200yen_00,R5,S57_1,S47_1
Fare200yen_00,R5,S57_1,S46_1
Fare200yen_00,R5,S57_1,S45_1
Fare200yen_00,R5,S57_1,S44_1
Fare200yen_00,R5,S57_1,S43_1
Fare200yen_00,R5,S57_1,S42_1
Fare200yen_00,R5,S57_1,S41_1
Fare200yen_00,R5,S57_1,S40_1
Fare200yen_00,R5,S57_1,S39_1
Fare200yen_00,R5,S57_1,S38_1
Fare200yen_00,R5,S57_1,S37_1
Fare200yen_00,R5,S57_1,S36_1
Fare200yen_00,R5,S57_1,S35_1
Fare200yen_00,R5,S57_1,S34_1
Fare200yen_00,R5,S57_1,S33_1
Fare200yen_00,R5,S57_1,S32_1
Fare100yen_00,R5,S56_1,S55_1
Fare100yen_00,R5,S56_1,S54_1
Fare100yen_00,R5,S56_1,S53_1
Fare100yen_00,R5,S56_1,S52_1
Fare200yen_00,R5,S56_1,S51_1
Fare200yen_00,R5,S56_1,S50_1
Fare200yen_00,R5,S56_1,S49_1
Fare200yen_00,R5,S56_1,S48_1
Fare200yen_00,R5,S56_1,S47_1
Fare200yen_00,R5,S56_1,S46_1
Fare200yen_00,R5,S56_1,S45_1
Fare200yen_00,R5,S56_1,S44_1
Fare200yen_00,R5,S56_1,S43_1
Fare200yen_00,R5,S56_1,S42_1
Fare200yen_00,R5,S56_1,S41_1
Fare200yen_00,R5,S56_1,S40_1
Fare200yen_00,R5,S56_1,S39_1
Fare200yen_00,R5,S56_1,S38_1
Fare200yen_00,R5,S56_1,S37_1
Fare200yen_00,R5,S56_1,S36_1
Fare200yen_00,R5,S56_1,S35_1
Fare200yen_00,R5,S56_1,S34_1
Fare200yen_00,R5,S56_1,S33_1
Fare200yen_00,R5,S56_1,S32_1
Fare100yen_00,R5,S55_1,S54_1
Fare100yen_00,R5,S55_1,S53_1
Fare100yen_00,R5,S55_1,S52_1
Fare200yen_00,R5,S55_1,S51_1
Fare200yen_00,R5,S55_1,S50_1
Fare200yen_00,R5,S55_1,S49_1
Fare200yen_00,R5,S55_1,S48_1
Fare200yen_00,R5,S55_1,S47_1
Fare200yen_00,R5,S55_1,S46_1
Fare200yen_00,R5,S55_1,S45_1
Fare200yen_00,R5,S55_1,S44_1
Fare200yen_00,R5,S55_1,S43_1
Fare200yen_00,R5,S55_1,S42_1
Fare200yen_00,R5,S55_1,S41_1
Fare200yen_00,R5,S55_1,S40_1
Fare200yen_00,R5,S55_1,S39_1
Fare200yen_00,R5,S55_1,S38_1
Fare200yen_00,R5,S55_1,S37_1
Fare200yen_00,R5,S55_1,S36_1
Fare200yen_00,R5,S55_1,S35_1
Fare200yen_00,R5,S55_1,S34_1
Fare200yen_00,R5,S55_1,S33_1
Fare200yen_00,R5,S55_1,S32_1
Fare100yen_00,R5,S54_1,S53_1
Fare100yen_00,R5,S54_1,S52_1
Fare200yen_00,R5,S54_1,S51_1
Fare200yen_00,R5,S54_1,S50_1
Fare200yen_00,R5,S54_1,S49_1
Fare200yen_00,R5,S54_1,S48_1
Fare200yen_00,R5,S54_1,S47_1
Fare200yen_00,R5,S54_1,S46_1
Fare200yen_00,R5,S54_1,S45_1
Fare200yen_00,R5,S54_1,S44_1
Fare200yen_00,R5,S54_1,S43_1
Fare200yen_00,R5,S54_1,S42_1
Fare200yen_00,R5,S54_1,S41_1
Fare200yen_00,R5,S54_1,S40_1
Fare200yen_00,R5,S54_1,S39_1
Fare200yen_00,R5,S54_1,S38_1
Fare200yen_00,R5,S54_1,S37_1
Fare200yen_00,R5,S54_1,S36_1
Fare200yen_00,R5,S54_1,S35_1
Fare200yen_00,R5,S54_1,S34_1
Fare200yen_00,R5,S54_1,S33_1
Fare200yen_00,R5,S54_1,S32_1
Fare100yen_00,R5,S53_1,S52_1
Fare100yen_00,R5,S53_1,S51_1
Fare100yen_00,R5,S53_1,S50_1
Fare200yen_00,R5,S53_1,S49_1
Fare200yen_00,R5,S53_1,S48_1
Fare200yen_00,R5,S53_1,S47_1
Fare200yen_00,R5,S53_1,S46_1
Fare200yen_00,R5,S53_1,S45_1
Fare200yen_00,R5,S53_1,S44_1
Fare200yen_00,R5,S53_1,S43_1
Fare200yen_00,R5,S53_1,S42_1
Fare200yen_00,R5,S53_1,S41_1
Fare200yen_00,R5,S53_1,S40_1
Fare200yen_00,R5,S53_1,S39_1
Fare200yen_00,R5,S53_1,S38_1
Fare200yen_00,R5,S53_1,S37_1
Fare200yen_00,R5,S53_1,S36_1
Fare200yen_00,R5,S53_1,S35_1
Fare200yen_00,R5,S53_1,S34_1
Fare200yen_00,R5,S53_1,S33_1
Fare200yen_00,R5,S53_1,S32_1
Fare100yen_00,R5,S52_1,S51_1
Fare100yen_00,R5,S52_1,S50_1
Fare100yen_00,R5,S52_1,S49_1
Fare100yen_00,R5,S52_1,S48_1
Fare100yen_00,R5,S52_1,S47_1
Fare100yen_00,R5,S52_1,S46_1
Fare100yen_00,R5,S52_1,S45_1
Fare100yen_00,R5,S52_1,S44_1
Fare100yen_00,R5,S52_1,S43_1
Fare100yen_00,R5,S52_1,S42_1
Fare100yen_00,R5,S52_1,S41_1
Fare100yen_00,R5,S52_1,S40_1
Fare100yen_00,R5,S52_1,S39_1
Fare100yen_00,R5,S52_1,S38_1
Fare100yen_00,R5,S52_1,S37_1
Fare100yen_00,R5,S52_1,S36_1
Fare100yen_00,R5,S52_1,S35_1
Fare100yen_00,R5,S52_1,S34_1
Fare100yen_00,R5,S52_1,S33_1
Fare100yen_00,R5,S52_1,S32_1
Fare100yen_00,R5,S51_1,S50_1
Fare100yen_00,R5,S51_1,S49_1
Fare100yen_00,R5,S51_1,S48_1
Fare100yen_00,R5,S51_1,S47_1
Fare100yen_00,R5,S51_1,S46_1
Fare100yen_00,R5,S51_1,S45_1
Fare100yen_00,R5,S51_1,S44_1
Fare100yen_00,R5,S51_1,S43_1
Fare100yen_00,R5,S51_1,S42_1
Fare100yen_00,R5,S51_1,S41_1
Fare100yen_00,R5,S51_1,S40_1
Fare100yen_00,R5,S51_1,S39_1
Fare100yen_00,R5,S51_1,S38_1
Fare100yen_00,R5,S51_1,S37_1
Fare100yen_00,R5,S51_1,S36_1
Fare100yen_00,R5,S51_1,S35_1
Fare100yen_00,R5,S51_1,S34_1
Fare100yen_00,R5,S51_1,S33_1
Fare100yen_00,R5,S51_1,S32_1
Fare100yen_00,R5,S50_1,S49_1
Fare100yen_00,R5,S50_1,S48_1
Fare100yen_00,R5,S50_1,S47_1
Fare100yen_00,R5,S50_1,S46_1
Fare100yen_00,R5,S50_1,S45_1
Fare100yen_00,R5,S50_1,S44_1
Fare100yen_00,R5,S50_1,S43_1
Fare100yen_00,R5,S50_1,S42_1
Fare100yen_00,R5,S50_1,S41_1
Fare100yen_00,R5,S50_1,S40_1
Fare100yen_00,R5,S50_1,S39_1
Fare100yen_00,R5,S50_1,S38_1
Fare100yen_00,R5,S50_1,S37_1
Fare100yen_00,R5,S50_1,S36_1
Fare100yen_00,R5,S50_1,S35_1
Fare100yen_00,R5,S50_1,S34_1
Fare100yen_00,R5,S50_1,S33_1
Fare100yen_00,R5,S50_1,S32_1
Fare100yen_00,R5,S49_1,S48_1
Fare100yen_00,R5,S49_1,S47_1
Fare100yen_00,R5,S49_1,S46_1
Fare100yen_00,R5,S49_1,S45_1
Fare100yen_00,R5,S49_1,S44_1
Fare100yen_00,R5,S49_1,S43_1
Fare100yen_00,R5,S49_1,S42_1
Fare100yen_00,R5,S49_1,S41_1
Fare100yen_00,R5,S49_1,S40_1
Fare100yen_00,R5,S49_1,S39_1
Fare100yen_00,R5,S49_1,S38_1
Fare100yen_00,R5,S49_1,S37_1
Fare100yen_00,R5,S49_1,S36_1
Fare100yen_00,R5,S49_1,S35_1
Fare100yen_00,R5,S49_1,S34_1
Fare100yen_00,R5,S49_1,S33_1
Fare100yen_00,R5,S49_1,S32_1
Fare100yen_00,R5,S48_1,S47_1
Fare100yen_00,R5,S48_1,S46_1
Fare100yen_00,R5,S48_1,S45_1
Fare100yen_00,R5,S48_1,S44_1
Fare100yen_00,R5,S48_1,S43_1
Fare100yen_00,R5,S48_1,S42_1
Fare100yen_00,R5,S48_1,S41_1
Fare100yen_00,R5,S48_1,S40_1
Fare100yen_00,R5,S48_1,S39_1
Fare100yen_00,R5,S48_1,S38_1
Fare100yen_00,R5,S48_1,S37_1
Fare100yen_00,R5,S48_1,S36_1
Fare100yen_00,R5,S48_1,S35_1
Fare100yen_00,R5,S48_1,S34_1
Fare100yen_00,R5,S48_1,S33_1
Fare100yen_00,R5,S48_1,S32_1
Fare100yen_00,R5,S47_1,S46_1
Fare100yen_00,R5,S47_1,S45_1
Fare100yen_00,R5,S47_1,S44_1
Fare100yen_00,R5,S47_1,S43_1
Fare100yen_00,R5,S47_1,S42_1
Fare100yen_00,R5,S47_1,S41_1
Fare100yen_00,R5,S47_1,S40_1
Fare100yen_00,R5,S47_1,S39_1
Fare100yen_00,R5,S47_1,S38_1
Fare100yen_00,R5,S47_1,S37_1
Fare100yen_00,R5,S47_1,S36_1
Fare100yen_00,R5,S47_1,S35_1
Fare100yen_00,R5,S47_1,S34_1
Fare100yen_00,R5,S47_1,S33_1
Fare100yen_00,R5,S47_1,S32_1
Fare100yen_00,R5,S46_1,S45_1
Fare100yen_00,R5,S46_1,S44_1
Fare100yen_00,R5,S46_1,S43_1
Fare100yen_00,R5,S46_1,S42_1
Fare100yen_00,R5,S46_1,S41_1
Fare100yen_00,R5,S46_1,S40_1
Fare100yen_00,R5,S46_1,S39_1
Fare100yen_00,R5,S46_1,S38_1
Fare100yen_00,R5,S46_1,S37_1
Fare100yen_00,R5,S46_1,S36_1
Fare100yen_00,R5,S46_1,S35_1
Fare100yen_00,R5,S46_1,S34_1
Fare100yen_00,R5,S46_1,S33_1
Fare100yen_00,R5,S46_1,S32_1
Fare100yen_00,R5,S45_1,S44_1
Fare100yen_00,R5,S45_1,S43_1
Fare100yen_00,R5,S45_1,S42_1
Fare100yen_00,R5,S45_1,S41_1
Fare100yen_00,R5,S45_1,S40_1
Fare100yen_00,R5,S45_1,S39_1
Fare100yen_00,R5,S45_1,S38_1
Fare100yen_00,R5,S45_1,S37_1
Fare100yen_00,R5,S45_1,S36_1
Fare100yen_00,R5,S45_1,S35_1
Fare100yen_00,R5,S45_1,S34_1
Fare100yen_00,R5,S45_1,S33_1
Fare100yen_00,R5,S45_1,S32_1
Fare100yen_00,R5,S44_1,S43_1
Fare100yen_00,R5,S44_1,S42_1
Fare100yen_00,R5,S44_1,S41_1
Fare100yen_00,R5,S44_1,S40_1
Fare100yen_00,R5,S44_1,S39_1
Fare100yen_00,R5,S44_1,S38_1
Fare100yen_00,R5,S44_1,S37_1
Fare100yen_00,R5,S44_1,S36_1
Fare100yen_00,R5,S44_1,S35_1
Fare100yen_00,R5,S44_1,S34_1
Fare100yen_00,R5,S44_1,S33_1
Fare100yen_00,R5,S44_1,S32_1
Fare100yen_00,R5,S43_1,S42_1
Fare100yen_00,R5,S43_1,S41_1
Fare100yen_00,R5,S43_1,S40_1
Fare100yen_00,R5,S43_1,S39_1
Fare100yen_00,R5,S43_1,S38_1
Fare100yen_00,R5,S43_1,S37_1
Fare100yen_00,R5,S43_1,S36_1
Fare100yen_00,R5,S43_1,S35_1
Fare100yen_00,R5,S43_1,S34_1
Fare100yen_00,R5,S43_1,S33_1
Fare100yen_00,R5,S43_1,S32_1
Fare100yen_00,R5,S42_1,S41_1
Fare100yen_00,R5,S42_1,S40_1
Fare100yen_00,R5,S42_1,S39_1
Fare100yen_00,R5,S42_1,S38_1
Fare100yen_00,R5,S42_1,S37_1
Fare100yen_00,R5,S42_1,S36_1
Fare100yen_00,R5,S42_1,S35_1
Fare100yen_00,R5,S42_1,S34_1
Fare100yen_00,R5,S42_1,S33_1
Fare100yen_00,R5,S42_1,S32_1
Fare100yen_00,R5,S41_1,S40_1
Fare100yen_00,R5,S41_1,S39_1
Fare100yen_00,R5,S41_1,S38_1
Fare100yen_00,R5,S41_1,S37_1
Fare100yen_00,R5,S41_1,S36_1
Fare100yen_00,R5,S41_1,S35_1
Fare100yen_00,R5,S41_1,S34_1
Fare100yen_00,R5,S41_1,S33_1
Fare100yen_00,R5,S41_1,S32_1
Fare100yen_00,R5,S40_1,S39_1
Fare100yen_00,R5,S40_1,S38_1
Fare100yen_00,R5,S40_1,S37_1
Fare100yen_00,R5,S40_1,S36_1
Fare100yen_00,R5,S40_1,S35_1
Fare100yen_00,R5,S40_1,S34_1
Fare100yen_00,R5,S40_1,S33_1
Fare100yen_00,R5,S40_1,S32_1
Fare100yen_00,R5,S39_1,S38_1
Fare100yen_00,R5,S39_1,S37_1
Fare100yen_00,R5,S39_1,S36_1
Fare100yen_00,R5,S39_1,S35_1
Fare100yen_00,R5,S39_1,S34_1
Fare100yen_00,R5,S39_1,S33_1
Fare100yen_00,R5,S39_1,S32_1
Fare100yen_00,R5,S38_1,S37_1
Fare100yen_00,R5,S38_1,S36_1
Fare100yen_00,R5,S38_1,S35_1
Fare100yen_00,R5,S38_1,S34_1
Fare100yen_00,R5,S38_1,S33_1
Fare100yen_00,R5,S38_1,S32_1
Fare100yen_00,R5,S37_1,S36_1
Fare100yen_00,R5,S37_1,S35_1
Fare100yen_00,R5,S37_1,S34_1
Fare100yen_00,R5,S37_1,S33_1
Fare100yen_00,R5,S37_1,S32_1
Fare100yen_00,R5,S36_1,S35_1
Fare100yen_00,R5,S36_1,S34_1
Fare100yen_00,R5,S36_1,S33_1
Fare100yen_00,R5,S36_1,S32_1
Fare100yen_00,R5,S35_1,S34_1
Fare100yen_00,R5,S35_1,S33_1
Fare100yen_00,R5,S35_1,S32_1
Fare100yen_00,R5,S34_1,S33_1
Fare100yen_00,R5,S34_1,S32_1
Fare100yen_00,R5,S33_1,S32_1
Fare210yen_00,R6,S59_1,S60_1
Fare210yen_00,R6,S59_1,S61_1
Fare210yen_00,R6,S59_1,S62_1
Fare210yen_00,R6,S59_1,S63_1
Fare210yen_00,R6,S59_1,S64_1
Fare210yen_00,R6,S59_1,S65_1
Fare210yen_00,R6,S59_1,S66_1
Fare210yen_00,R6,S59_1,S67_1
Fare210yen_00,R6,S59_1,S68_1
Fare210yen_00,R6,S59_1,S69_1
Fare210yen_00,R6,S59_1,S67_2
Fare210yen_00,R6,S59_1,S66_2
Fare210yen_00,R6,S59_1,S70_1
Fare210yen_00,R6,S59_1,S71_1
Fare210yen_00,R6,S59_1,S72_1
Fare210yen_00,R6,S59_1,S73_1
Fare210yen_00,R6,S59_1,S74_1
Fare210yen_00,R6,S59_1,S75_1
Fare210yen_00,R6,S59_1,S76_1
Fare210yen_00,R6,S59_1,S64_2
Fare210yen_00,R6,S59_1,S63_2
Fare210yen_00,R6,S59_1,S62_2
Fare210yen_00,R6,S59_1,S61_2
Fare210yen_00,R6,S59_1,S77_1
Fare210yen_00,R6,S59_1,S78_1
Fare210yen_00,R6,S59_1,S59_2
Fare210yen_00,R6,S60_1,S61_1
Fare210yen_00,R6,S60_1,S62_1
Fare210yen_00,R6,S60_1,S63_1
Fare210yen_00,R6,S60_1,S64_1
Fare210yen_00,R6,S60_1,S65_1
Fare210yen_00,R6,S60_1,S66_1
Fare210yen_00,R6,S60_1,S67_1
Fare210yen_00,R6,S60_1,S68_1
Fare210yen_00,R6,S60_1,S69_1
Fare210yen_00,R6,S60_1,S67_2
Fare210yen_00,R6,S60_1,S66_2
Fare210yen_00,R6,S60_1,S70_1
Fare210yen_00,R6,S60_1,S71_1
Fare210yen_00,R6,S60_1,S72_1
Fare210yen_00,R6,S60_1,S73_1
Fare210yen_00,R6,S60_1,S74_1
Fare210yen_00,R6,S60_1,S75_1
Fare210yen_00,R6,S60_1,S76_1
Fare210yen_00,R6,S60_1,S64_2
Fare210yen_00,R6,S60_1,S63_2
Fare210yen_00,R6,S60_1,S62_2
Fare210yen_00,R6,S60_1,S61_2
Fare210yen_00,R6,S60_1,S77_1
Fare210yen_00,R6,S60_1,S78_1
Fare210yen_00,R6,S60_1,S59_2
Fare210yen_00,R6,S61_1,S62_1
Fare210yen_00,R6,S61_1,S63_1
Fare210yen_00,R6,S61_1,S64_1
Fare210yen_00,R6,S61_1,S65_1
Fare210yen_00,R6,S61_1,S66_1
Fare210yen_00,R6,S61_1,S67_1
Fare210yen_00,R6,S61_1,S68_1
Fare210yen_00,R6,S61_1,S69_1
Fare210yen_00,R6,S61_1,S67_2
Fare210yen_00,R6,S61_1,S66_2
Fare210yen_00,R6,S61_1,S70_1
Fare210yen_00,R6,S61_1,S71_1
Fare210yen_00,R6,S61_1,S72_1
Fare210yen_00,R6,S61_1,S73_1
Fare210yen_00,R6,S61_1,S74_1
Fare210yen_00,R6,S61_1,S75_1
Fare210yen_00,R6,S61_1,S76_1
Fare210yen_00,R6,S61_1,S64_2
Fare210yen_00,R6,S61_1,S63_2
Fare210yen_00,R6,S61_1,S62_2
Fare210yen_00,R6,S61_1,S61_2
Fare210yen_00,R6,S61_1,S77_1
Fare210yen_00,R6,S61_1,S78_1
Fare210yen_00,R6,S61_1,S59_2
Fare210yen_00,R6,S62_1,S63_1
Fare210yen_00,R6,S62_1,S64_1
Fare210yen_00,R6,S62_1,S65_1
Fare210yen_00,R6,S62_1,S66_1
Fare210yen_00,R6,S62_1,S67_1
Fare210yen_00,R6,S62_1,S68_1
Fare210yen_00,R6,S62_1,S69_1
Fare210yen_00,R6,S62_1,S67_2
Fare210yen_00,R6,S62_1,S66_2
Fare210yen_00,R6,S62_1,S70_1
Fare210yen_00,R6,S62_1,S71_1
Fare210yen_00,R6,S62_1,S72_1
Fare210yen_00,R6,S62_1,S73_1
Fare210yen_00,R6,S62_1,S74_1
Fare210yen_00,R6,S62_1,S75_1
Fare210yen_00,R6,S62_1,S76_1
Fare210yen_00,R6,S62_1,S64_2
Fare210yen_00,R6,S62_1,S63_2
Fare210yen_00,R6,S62_1,S62_2
Fare210yen_00,R6,S62_1,S61_2
Fare210yen_00,R6,S62_1,S77_1
Fare210yen_00,R6,S62_1,S78_1
Fare210yen_00,R6,S62_1,S59_2
Fare210yen_00,R6,S63_1,S64_1
Fare210yen_00,R6,S63_1,S65_1
Fare210yen_00,R6,S63_1,S66_1
Fare210yen_00,R6,S63_1,S67_1
Fare210yen_00,R6,S63_1,S68_1
Fare210yen_00,R6,S63_1,S69_1
Fare210yen_00,R6,S63_1,S67_2
Fare210yen_00,R6,S63_1,S66_2
Fare210yen_00,R6,S63_1,S70_1
Fare210yen_00,R6,S63_1,S71_1
Fare210yen_00,R6,S63_1,S72_1
Fare210yen_00,R6,S63_1,S73_1
Fare210yen_00,R6,S63_1,S74_1
Fare210yen_00,R6,S63_1,S75_1
Fare210yen_00,R6,S63_1,S76_1
Fare210yen_00,R6,S63_1,S64_2
Fare210yen_00,R6,S63_1,S63_2
Fare210yen_00,R6,S63_1,S62_2
Fare210yen_00,R6,S63_1,S61_2
Fare210yen_00,R6,S63_1,S77_1
Fare210yen_00,R6,S63_1,S78_1
Fare210yen_00,R6,S63_1,S59_2
Fare210yen_00,R6,S64_1,S65_1
Fare210yen_00,R6,S64_1,S66_1
Fare210yen_00,R6,S64_1,S67_1
Fare210yen_00,R6,S64_1,S68_1
Fare210yen_00,R6,S64_1,S69_1
Fare210yen_00,R6,S64_1,S67_2
Fare210yen_00,R6,S64_1,S66_2
Fare210yen_00,R6,S64_1,S70_1
Fare210yen_00,R6,S64_1,S71_1
Fare210yen_00,R6,S64_1,S72_1
Fare210yen_00,R6,S64_1,S73_1
Fare210yen_00,R6,S64_1,S74_1
Fare210yen_00,R6,S64_1,S75_1
Fare210yen_00,R6,S64_1,S76_1
Fare210yen_00,R6,S64_1,S64_2
Fare210yen_00,R6,S64_1,S63_2
Fare210yen_00,R6,S64_1,S62_2
Fare210yen_00,R6,S64_1,S61_2
Fare210yen_00,R6,S64_1,S77_1
Fare210yen_00,R6,S64_1,S78_1
Fare210yen_00,R6,S64_1,S59_2
Fare210yen_00,R6,S65_1,S66_1
Fare210yen_00,R6,S65_1,S67_1
Fare210yen_00,R6,S65_1,S68_1
Fare210yen_00,R6,S65_1,S69_1
Fare210yen_00,R6,S65_1,S67_2
Fare210yen_00,R6,S65_1,S66_2
Fare210yen_00,R6,S65_1,S70_1
Fare210yen_00,R6,S65_1,S71_1
Fare210yen_00,R6,S65_1,S72_1
Fare210yen_00,R6,S65_1,S73_1
Fare210yen_00,R6,S65_1,S74_1
Fare210yen_00,R6,S65_1,S75_1
Fare210yen_00,R6,S65_1,S76_1
Fare210yen_00,R6,S65_1,S64_2
Fare210yen_00,R6,S65_1,S63_2
Fare210yen_00,R6,S65_1,S62_2
Fare210yen_00,R6,S65_1,S61_2
Fare210yen_00,R6,S65_1,S77_1
Fare210yen_00,R6,S65_1,S78_1
Fare210yen_00,R6,S65_1,S59_2
Fare210yen_00,R6,S66_1,S67_1
Fare210yen_00,R6,S66_1,S68_1
Fare210yen_00,R6,S66_1,S69_1
Fare210yen_00,R6,S66_1,S67_2
Fare210yen_00,R6,S66_1,S66_2
Fare210yen_00,R6,S66_1,S70_1
Fare210yen_00,R6,S66_1,S71_1
Fare210yen_00,R6,S66_1,S72_1
Fare210yen_00,R6,S66_1,S73_1
Fare210yen_00,R6,S66_1,S74_1
Fare210yen_00,R6,S66_1,S75_1
Fare210yen_00,R6,S66_1,S76_1
Fare210yen_00,R6,S66_1,S64_2
Fare210yen_00,R6,S66_1,S63_2
Fare210yen_00,R6,S66_1,S62_2
Fare210yen_00,R6,S66_1,S61_2
Fare210yen_00,R6,S66_1,S77_1
Fare210yen_00,R6,S66_1,S78_1
Fare210yen_00,R6,S66_1,S59_2
Fare210yen_00,R6,S67_1,S68_1
Fare210yen_00,R6,S67_1,S69_1
Fare210yen_00,R6,S67_1,S67_2
Fare210yen_00,R6,S67_1,S66_2
Fare210yen_00,R6,S67_1,S70_1
Fare210yen_00,R6,S67_1,S71_1
Fare210yen_00,R6,S67_1,S72_1
Fare210yen_00,R6,S67_1,S73_1
Fare210yen_00,R6,S67_1,S74_1
Fare210yen_00,R6,S67_1,S75_1
Fare210yen_00,R6,S67_1,S76_1
Fare210yen_00,R6,S67_1,S64_2
Fare210yen_00,R6,S67_1,S63_2
Fare210yen_00,R6,S67_1,S62_2
Fare210yen_00,R6,S67_1,S61_2
Fare210yen_00,R6,S67_1,S77_1
Fare210yen_00,R6,S67_1,S78_1
Fare210yen_00,R6,S67_1,S59_2
Fare210yen_00,R6,S68_1,S69_1
Fare210yen_00,R6,S68_1,S67_2
Fare210yen_00,R6,S68_1,S66_2
Fare210yen_00,R6,S68_1,S70_1
Fare210yen_00,R6,S68_1,S71_1
Fare210yen_00,R6,S68_1,S72_1
Fare210yen_00,R6,S68_1,S73_1
Fare210yen_00,R6,S68_1,S74_1
Fare210yen_00,R6,S68_1,S75_1
Fare210yen_00,R6,S68_1,S76_1
Fare210yen_00,R6,S68_1,S64_2
Fare210yen_00,R6,S68_1,S63_2
Fare210yen_00,R6,S68_1,S62_2
Fare210yen_00,R6,S68_1,S61_2
Fare210yen_00,R6,S68_1,S77_1
Fare210yen_00,R6,S68_1,S78_1
Fare210yen_00,R6,S68_1,S59_2
Fare210yen_00,R6,S69_1,S67_2
Fare210yen_00,R6,S69_1,S66_2
Fare210yen_00,R6,S69_1,S70_1
Fare210yen_00,R6,S69_1,S71_1
Fare210yen_00,R6,S69_1,S72_1
Fare210yen_00,R6,S69_1,S73_1
Fare210yen_00,R6,S69_1,S74_1
Fare210yen_00,R6,S69_1,S75_1
Fare210yen_00,R6,S69_1,S76_1
Fare210yen_00,R6,S69_1,S64_2
Fare210yen_00,R6,S69_1,S63_2
Fare210yen_00,R6,S69_1,S62_2
Fare210yen_00,R6,S69_1,S61_2
Fare210yen_00,R6,S69_1,S77_1
Fare210yen_00,R6,S69_1,S78_1
Fare210yen_00,R6,S69_1,S59_2
Fare210yen_00,R6,S67_2,S66_2
Fare210yen_00,R6,S67_2,S70_1
Fare210yen_00,R6,S67_2,S71_1
Fare210yen_00,R6,S67_2,S72_1
Fare210yen_00,R6,S67_2,S73_1
Fare210yen_00,R6,S67_2,S74_1
Fare210yen_00,R6,S67_2,S75_1
Fare210yen_00,R6,S67_2,S76_1
Fare210yen_00,R6,S67_2,S64_2
Fare210yen_00,R6,S67_2,S63_2
Fare210yen_00,R6,S67_2,S62_2
Fare210yen_00,R6,S67_2,S61_2
Fare210yen_00,R6,S67_2,S77_1
Fare210yen_00,R6,S67_2,S78_1
Fare210yen_00,R6,S67_2,S59_2
Fare210yen_00,R6,S66_2,S70_1
Fare210yen_00,R6,S66_2,S71_1
Fare210yen_00,R6,S66_2,S72_1
Fare210yen_00,R6,S66_2,S73_1
Fare210yen_00,R6,S66_2,S74_1
Fare210yen_00,R6,S66_2,S75_1
Fare210yen_00,R6,S66_2,S76_1
Fare210yen_00,R6,S66_2,S64_2
Fare210yen_00,R6,S66_2,S63_2
Fare210yen_00,R6,S66_2,S62_2
Fare210yen_00,R6,S66_2,S61_2
Fare210yen_00,R6,S66_2,S77_1
Fare210yen_00,R6,S66_2,S78_1
Fare210yen_00,R6,S66_2,S59_2
Fare210yen_00,R6,S70_1,S71_1
Fare210yen_00,R6,S70_1,S72_1
Fare210yen_00,R6,S70_1,S73_1
Fare210yen_00,R6,S70_1,S74_1
Fare210yen_00,R6,S70_1,S75_1
Fare210yen_00,R6,S70_1,S76_1
Fare210yen_00,R6,S70_1,S64_2
Fare210yen_00,R6,S70_1,S63_2
Fare210yen_00,R6,S70_1,S62_2
Fare210yen_00,R6,S70_1,S61_2
Fare210yen_00,R6,S70_1,S77_1
Fare210yen_00,R6,S70_1,S78_1
Fare210yen_00,R6,S70_1,S59_2
Fare210yen_00,R6,S71_1,S72_1
Fare210yen_00,R6,S71_1,S73_1
Fare210yen_00,R6,S71_1,S74_1
Fare210yen_00,R6,S71_1,S75_1
Fare210yen_00,R6,S71_1,S76_1
Fare210yen_00,R6,S71_1,S64_2
Fare210yen_00,R6,S71_1,S63_2
Fare210yen_00,R6,S71_1,S62_2
Fare210yen_00,R6,S71_1,S61_2
Fare210yen_00,R6,S71_1,S77_1
Fare210yen_00,R6,S71_1,S78_1
Fare210yen_00,R6,S71_1,S59_2
Fare210yen_00,R6,S72_1,S73_1
Fare210yen_00,R6,S72_1,S74_1
Fare210yen_00,R6,S72_1,S75_1
Fare210yen_00,R6,S72_1,S76_1
Fare210yen_00,R6,S72_1,S64_2
Fare210yen_00,R6,S72_1,S63_2
Fare210yen_00,R6,S72_1,S62_2
Fare210yen_00,R6,S72_1,S61_2
Fare210yen_00,R6,S72_1,S77_1
Fare210yen_00,R6,S72_1,S78_1
Fare210yen_00,R6,S72_1,S59_2
Fare210yen_00,R6,S73_1,S74_1
Fare210yen_00,R6,S73_1,S75_1
Fare210yen_00,R6,S73_1,S76_1
Fare210yen_00,R6,S73_1,S64_2
Fare210yen_00,R6,S73_1,S63_2
Fare210yen_00,R6,S73_1,S62_2
Fare210yen_00,R6,S73_1,S61_2
Fare210yen_00,R6,S73_1,S77_1
Fare210yen_00,R6,S73_1,S78_1
Fare210yen_00,R6,S73_1,S59_2
Fare210yen_00,R6,S74_1,S75_1
Fare210yen_00,R6,S74_1,S76_1
Fare210yen_00,R6,S74_1,S64_2
Fare210yen_00,R6,S74_1,S63_2
Fare210yen_00,R6,S74_1,S62_2
Fare210yen_00,R6,S74_1,S61_2
Fare210yen_00,R6,S74_1,S77_1
Fare210yen_00,R6,S74_1,S78_1
Fare210yen_00,R6,S74_1,S59_2
Fare210yen_00,R6,S75_1,S76_1
Fare210yen_00,R6,S75_1,S64_2
Fare210yen_00,R6,S75_1,S63_2
Fare210yen_00,R6,S75_1,S62_2
Fare210yen_00,R6,S75_1,S61_2
Fare210yen_00,R6,S75_1,S77_1
Fare210yen_00,R6,S75_1,S78_1
Fare210yen_00,R6,S75_1,S59_2
Fare210yen_00,R6,S76_1,S64_2
Fare210yen_00,R6,S76_1,S63_2
Fare210yen_00,R6,S76_1,S62_2
Fare210yen_00,R6,S76_1,S61_2
Fare210yen_00,R6,S76_1,S77_1
Fare210yen_00,R6,S76_1,S78_1
Fare210yen_00,R6,S76_1,S59_2
Fare210yen_00,R6,S64_2,S63_2
Fare210yen_00,R6,S64_2,S62_2
Fare210yen_00,R6,S64_2,S61_2
Fare210yen_00,R6,S64_2,S77_1
Fare210yen_00,R6,S64_2,S78_1
Fare210yen_00,R6,S64_2,S59_2
Fare210yen_00,R6,S63_2,S62_2
Fare210yen_00,R6,S63_2,S61_2
Fare210yen_00,R6,S63_2,S77_1
Fare210yen_00,R6,S63_2,S78_1
Fare210yen_00,R6,S63_2,S59_2
Fare210yen_00,R6,S62_2,S61_2
Fare210yen_00,R6,S62_2,S77_1
Fare210yen_00,R6,S62_2,S78_1
Fare210yen_00,R6,S62_2,S59_2
Fare210yen_00,R6,S61_2,S77_1
Fare210yen_00,R6,S61_2,S78_1
Fare210yen_00,R6,S61_2,S59_2
Fare210yen_00,R6,S77_1,S78_1
Fare210yen_00,R6,S77_1,S59_2
Fare210yen_00,R6,S78_1,S59_2
Fare210yen_00,R7,S59_1,S60_1
Fare210yen_00,R7,S59_1,S61_1
Fare210yen_00,R7,S59_1,S62_1
Fare210yen_00,R7,S59_1,S63_1
Fare210yen_00,R7,S59_1,S64_1
Fare210yen_00,R7,S59_1,S65_1
Fare210yen_00,R7,S59_1,S70_1
Fare210yen_00,R7,S59_1,S71_1
Fare210yen_00,R7,S59_1,S72_1
Fare210yen_00,R7,S59_1,S73_1
Fare210yen_00,R7,S59_1,S74_1
Fare210yen_00,R7,S59_1,S75_1
Fare210yen_00,R7,S59_1,S76_1
Fare210yen_00,R7,S59_1,S64_2
Fare210yen_00,R7,S59_1,S63_2
Fare210yen_00,R7,S59_1,S62_2
Fare210yen_00,R7,S59_1,S61_2
Fare210yen_00,R7,S59_1,S77_1
Fare210yen_00,R7,S59_1,S78_1
Fare210yen_00,R7,S59_1,S59_2
Fare210yen_00,R7,S60_1,S61_1
Fare210yen_00,R7,S60_1,S62_1
Fare210yen_00,R7,S60_1,S63_1
Fare210yen_00,R7,S60_1,S64_1
Fare210yen_00,R7,S60_1,S65_1
Fare210yen_00,R7,S60_1,S70_1
Fare210yen_00,R7,S60_1,S71_1
Fare210yen_00,R7,S60_1,S72_1
Fare210yen_00,R7,S60_1,S73_1
Fare210yen_00,R7,S60_1,S74_1
Fare210yen_00,R7,S60_1,S75_1
Fare210yen_00,R7,S60_1,S76_1
Fare210yen_00,R7,S60_1,S64_2
Fare210yen_00,R7,S60_1,S63_2
Fare210yen_00,R7,S60_1,S62_2
Fare210yen_00,R7,S60_1,S61_2
Fare210yen_00,R7,S60_1,S77_1
Fare210yen_00,R7,S60_1,S78_1
Fare210yen_00,R7,S60_1,S59_2
Fare210yen_00,R7,S61_1,S62_1
Fare210yen_00,R7,S61_1,S63_1
Fare210yen_00,R7,S61_1,S64_1
Fare210yen_00,R7,S61_1,S65_1
Fare210yen_00,R7,S61_1,S70_1
Fare210yen_00,R7,S61_1,S71_1
Fare210yen_00,R7,S61_1,S72_1
Fare210yen_00,R7,S61_1,S73_1
Fare210yen_00,R7,S61_1,S74_1
Fare210yen_00,R7,S61_1,S75_1
Fare210yen_00,R7,S61_1,S76_1
Fare210yen_00,R7,S61_1,S64_2
Fare210yen_00,R7,S61_1,S63_2
Fare210yen_00,R7,S61_1,S62_2
Fare210yen_00,R7,S61_1,S61_2
Fare210yen_00,R7,S61_1,S77_1
Fare210yen_00,R7,S61_1,S78_1
Fare210yen_00,R7,S61_1,S59_2
Fare210yen_00,R7,S62_1,S63_1
Fare210yen_00,R7,S62_1,S64_1
Fare210yen_00,R7,S62_1,S65_1
Fare210yen_00,R7,S62_1,S70_1
Fare210yen_00,R7,S62_1,S71_1
Fare210yen_00,R7,S62_1,S72_1
Fare210yen_00,R7,S62_1,S73_1
Fare210yen_00,R7,S62_1,S74_1
Fare210yen_00,R7,S62_1,S75_1
Fare210yen_00,R7,S62_1,S76_1
Fare210yen_00,R7,S62_1,S64_2
Fare210yen_00,R7,S62_1,S63_2
Fare210yen_00,R7,S62_1,S62_2
Fare210yen_00,R7,S62_1,S61_2
Fare210yen_00,R7,S62_1,S77_1
Fare210yen_00,R7,S62_1,S78_1
Fare210yen_00,R7,S62_1,S59_2
Fare210yen_00,R7,S63_1,S64_1
Fare210yen_00,R7,S63_1,S65_1
Fare210yen_00,R7,S63_1,S70_1
Fare210yen_00,R7,S63_1,S71_1
Fare210yen_00,R7,S63_1,S72_1
Fare210yen_00,R7,S63_1,S73_1
Fare210yen_00,R7,S63_1,S74_1
Fare210yen_00,R7,S63_1,S75_1
Fare210yen_00,R7,S63_1,S76_1
Fare210yen_00,R7,S63_1,S64_2
Fare210yen_00,R7,S63_1,S63_2
Fare210yen_00,R7,S63_1,S62_2
Fare210yen_00,R7,S63_1,S61_2
Fare210yen_00,R7,S63_1,S77_1
Fare210yen_00,R7,S63_1,S78_1
Fare210yen_00,R7,S63_1,S59_2
Fare210yen_00,R7,S64_1,S65_1
Fare210yen_00,R7,S64_1,S70_1
Fare210yen_00,R7,S64_1,S71_1
Fare210yen_00,R7,S64_1,S72_1
Fare210yen_00,R7,S64_1,S73_1
Fare210yen_00,R7,S64_1,S74_1
Fare210yen_00,R7,S64_1,S75_1
Fare210yen_00,R7,S64_1,S76_1
Fare210yen_00,R7,S64_1,S64_2
Fare210yen_00,R7,S64_1,S63_2
Fare210yen_00,R7,S64_1,S62_2
Fare210yen_00,R7,S64_1,S61_2
Fare210yen_00,R7,S64_1,S77_1
Fare210yen_00,R7,S64_1,S78_1
Fare210yen_00,R7,S64_1,S59_2
Fare210yen_00,R7,S65_1,S70_1
Fare210yen_00,R7,S65_1,S71_1
Fare210yen_00,R7,S65_1,S72_1
Fare210yen_00,R7,S65_1,S73_1
Fare210yen_00,R7,S65_1,S74_1
Fare210yen_00,R7,S65_1,S75_1
Fare210yen_00,R7,S65_1,S76_1
Fare210yen_00,R7,S65_1,S64_2
Fare210yen_00,R7,S65_1,S63_2
Fare210yen_00,R7,S65_1,S62_2
Fare210yen_00,R7,S65_1,S61_2
Fare210yen_00,R7,S65_1,S77_1
Fare210yen_00,R7,S65_1,S78_1
Fare210yen_00,R7,S65_1,S59_2
Fare210yen_00,R7,S70_1,S71_1
Fare210yen_00,R7,S70_1,S72_1
Fare210yen_00,R7,S70_1,S73_1
Fare210yen_00,R7,S70_1,S74_1
Fare210yen_00,R7,S70_1,S75_1
Fare210yen_00,R7,S70_1,S76_1
Fare210yen_00,R7,S70_1,S64_2
Fare210yen_00,R7,S70_1,S63_2
Fare210yen_00,R7,S70_1,S62_2
Fare210yen_00,R7,S70_1,S61_2
Fare210yen_00,R7,S70_1,S77_1
Fare210yen_00,R7,S70_1,S78_1
Fare210yen_00,R7,S70_1,S59_2
Fare210yen_00,R7,S71_1,S72_1
Fare210yen_00,R7,S71_1,S73_1
Fare210yen_00,R7,S71_1,S74_1
Fare210yen_00,R7,S71_1,S75_1
Fare210yen_00,R7,S71_1,S76_1
Fare210yen_00,R7,S71_1,S64_2
Fare210yen_00,R7,S71_1,S63_2
Fare210yen_00,R7,S71_1,S62_2
Fare210yen_00,R7,S71_1,S61_2
Fare210yen_00,R7,S71_1,S77_1
Fare210yen_00,R7,S71_1,S78_1
Fare210yen_00,R7,S71_1,S59_2
Fare210yen_00,R7,S72_1,S73_1
Fare210yen_00,R7,S72_1,S74_1
Fare210yen_00,R7,S72_1,S75_1
Fare210yen_00,R7,S72_1,S76_1
Fare210yen_00,R7,S72_1,S64_2
Fare210yen_00,R7,S72_1,S63_2
Fare210yen_00,R7,S72_1,S62_2
Fare210yen_00,R7,S72_1,S61_2
Fare210yen_00,R7,S72_1,S77_1
Fare210yen_00,R7,S72_1,S78_1
Fare210yen_00,R7,S72_1,S59_2
Fare210yen_00,R7,S73_1,S74_1
Fare210yen_00,R7,S73_1,S75_1
Fare210yen_00,R7,S73_1,S76_1
Fare210yen_00,R7,S73_1,S64_2
Fare210yen_00,R7,S73_1,S63_2
Fare210yen_00,R7,S73_1,S62_2
Fare210yen_00,R7,S73_1,S61_2
Fare210yen_00,R7,S73_1,S77_1
Fare210yen_00,R7,S73_1,S78_1
Fare210yen_00,R7,S73_1,S59_2
Fare210yen_00,R7,S74_1,S75_1
Fare210yen_00,R7,S74_1,S76_1
Fare210yen_00,R7,S74_1,S64_2
Fare210yen_00,R7,S74_1,S63_2
Fare210yen_00,R7,S74_1,S62_2
Fare210yen_00,R7,S74_1,S61_2
Fare210yen_00,R7,S74_1,S77_1
Fare210yen_00,R7,S74_1,S78_1
Fare210yen_00,R7,S74_1,S59_2
Fare210yen_00,R7,S75_1,S76_1
Fare210yen_00,R7,S75_1,S64_2
Fare210yen_00,R7,S75_1,S63_2
Fare210yen_00,R7,S75_1,S62_2
Fare210yen_00,R7,S75_1,S61_2
Fare210yen_00,R7,S75_1,S77_1
Fare210yen_00,R7,S75_1,S78_1
Fare210yen_00,R7,S75_1,S59_2
Fare210yen_00,R7,S76_1,S64_2
Fare210yen_00,R7,S76_1,S63_2
Fare210yen_00,R7,S76_1,S62_2
Fare210yen_00,R7,S76_1,S61_2
Fare210yen_00,R7,S76_1,S77_1
Fare210yen_00,R7,S76_1,S78_1
Fare210yen_00,R7,S76_1,S59_2
Fare210yen_00,R7,S64_2,S63_2
Fare210yen_00,R7,S64_2,S62_2
Fare210yen_00,R7,S64_2,S61_2
Fare210yen_00,R7,S64_2,S77_1
Fare210yen_00,R7,S64_2,S78_1
Fare210yen_00,R7,S64_2,S59_2
Fare210yen_00,R7,S63_2,S62_2
Fare210yen_00,R7,S63_2,S61_2
Fare210yen_00,R7,S63_2,S77_1
Fare210yen_00,R7,S63_2,S78_1
Fare210yen_00,R7,S63_2,S59_2
Fare210yen_00,R7,S62_2,S61_2
Fare210yen_00,R7,S62_2,S77_1
Fare210yen_00,R7,S62_2,S78_1
Fare210yen_00,R7,S62_2,S59_2
Fare210yen_00,R7,S61_2,S77_1
Fare210yen_00,R7,S61_2,S78_1
Fare210yen_00,R7,S61_2,S59_2
Fare210yen_00,R7,S77_1,S78_1
Fare210yen_00,R7,S77_1,S59_2
Fare210yen_00,R7,S78_1,S59_2
Fare210yen_00,R8,S59_1,S78_1
Fare210yen_00,R8,S59_1,S79_1
Fare210yen_00,R8,S59_1,S80_1
Fare210yen_00,R8,S59_1,S81_1
Fare210yen_00,R8,S59_1,S82_1
Fare210yen_00,R8,S59_1,S83_1
Fare210yen_00,R8,S59_1,S84_1
Fare210yen_00,R8,S59_1,S85_1
Fare210yen_00,R8,S59_1,S86_1
Fare210yen_00,R8,S59_1,S59_2
Fare210yen_00,R8,S78_1,S79_1
Fare210yen_00,R8,S78_1,S80_1
Fare210yen_00,R8,S78_1,S81_1
Fare210yen_00,R8,S78_1,S82_1
Fare210yen_00,R8,S78_1,S83_1
Fare210yen_00,R8,S78_1,S84_1
Fare210yen_00,R8,S78_1,S85_1
Fare210yen_00,R8,S78_1,S86_1
Fare210yen_00,R8,S78_1,S59_2
Fare210yen_00,R8,S79_1,S80_1
Fare210yen_00,R8,S79_1,S81_1
Fare210yen_00,R8,S79_1,S82_1
Fare210yen_00,R8,S79_1,S83_1
Fare210yen_00,R8,S79_1,S84_1
Fare210yen_00,R8,S79_1,S85_1
Fare210yen_00,R8,S79_1,S86_1
Fare210yen_00,R8,S79_1,S59_2
Fare210yen_00,R8,S80_1,S81_1
Fare210yen_00,R8,S80_1,S82_1
Fare210yen_00,R8,S80_1,S83_1
Fare210yen_00,R8,S80_1,S84_1
Fare210yen_00,R8,S80_1,S85_1
Fare210yen_00,R8,S80_1,S86_1
Fare210yen_00,R8,S80_1,S59_2
Fare210yen_00,R8,S81_1,S82_1
Fare210yen_00,R8,S81_1,S83_1
Fare210yen_00,R8,S81_1,S84_1
Fare210yen_00,R8,S81_1,S85_1
Fare210yen_00,R8,S81_1,S86_1
Fare210yen_00,R8,S81_1,S59_2
Fare210yen_00,R8,S82_1,S83_1
Fare210yen_00,R8,S82_1,S84_1
Fare210yen_00,R8,S82_1,S85_1
Fare210yen_00,R8,S82_1,S86_1
Fare210yen_00,R8,S82_1,S59_2
Fare210yen_00,R8,S83_1,S84_1
Fare210yen_00,R8,S83_1,S85_1
Fare210yen_00,R8,S83_1,S86_1
Fare210yen_00,R8,S83_1,S59_2
Fare210yen_00,R8,S84_1,S85_1
Fare210yen_00,R8,S84_1,S86_1
Fare210yen_00,R8,S84_1,S59_2
Fare210yen_00,R8,S85_1,S86_1
Fare210yen_00,R8,S85_1,S59_2
Fare210yen_00,R8,S86_1,S59_2
Fare210yen_00,R9,S87_1,S88_1
Fare210yen_00,R9,S87_1,S89_1
Fare210yen_00,R9,S87_1,S90_1
Fare210yen_00,R9,S87_1,S91_1
Fare210yen_00,R9,S87_1,S92_1
Fare210yen_00,R9,S87_1,S93_1
Fare210yen_00,R9,S87_1,S94_1
Fare210yen_00,R9,S87_1,S95_1
Fare210yen_00,R9,S87_1,S96_1
Fare210yen_00,R9,S87_1,S97_1
Fare210yen_00,R9,S87_1,S98_1
Fare210yen_00,R9,S87_1,S99_1
Fare210yen_00,R9,S87_1,S100_1
Fare210yen_00,R9,S87_1,S101_1
Fare210yen_00,R9,S87_1,S102_1
Fare210yen_00,R9,S87_1,S103_1
Fare210yen_00,R9,S87_1,S104_1
Fare210yen_00,R9,S87_1,S105_1
Fare210yen_00,R9,S87_1,S106_1
Fare210yen_00,R9,S87_1,S87_2
Fare210yen_00,R9,S88_1,S89_1
Fare210yen_00,R9,S88_1,S90_1
Fare210yen_00,R9,S88_1,S91_1
Fare210yen_00,R9,S88_1,S92_1
Fare210yen_00,R9,S88_1,S93_1
Fare210yen_00,R9,S88_1,S94_1
Fare210yen_00,R9,S88_1,S95_1
Fare210yen_00,R9,S88_1,S96_1
Fare210yen_00,R9,S88_1,S97_1
Fare210yen_00,R9,S88_1,S98_1
Fare210yen_00,R9,S88_1,S99_1
Fare210yen_00,R9,S88_1,S100_1
Fare210yen_00,R9,S88_1,S101_1
Fare210yen_00,R9,S88_1,S102_1
Fare210yen_00,R9,S88_1,S103_1
Fare210yen_00,R9,S88_1,S104_1
Fare210yen_00,R9,S88_1,S105_1
Fare210yen_00,R9,S88_1,S106_1
Fare210yen_00,R9,S88_1,S87_2
Fare210yen_00,R9,S89_1,S90_1
Fare210yen_00,R9,S89_1,S91_1
Fare210yen_00,R9,S89_1,S92_1
Fare210yen_00,R9,S89_1,S93_1
Fare210yen_00,R9,S89_1,S94_1
Fare210yen_00,R9,S89_1,S95_1
Fare210yen_00,R9,S89_1,S96_1
Fare210yen_00,R9,S89_1,S97_1
Fare210yen_00,R9,S89_1,S98_1
Fare210yen_00,R9,S89_1,S99_1
Fare210yen_00,R9,S89_1,S100_1
Fare210yen_00,R9,S89_1,S101_1
Fare210yen_00,R9,S89_1,S102_1
Fare210yen_00,R9,S89_1,S103_1
Fare210yen_00,R9,S89_1,S104_1
Fare210yen_00,R9,S89_1,S105_1
Fare210yen_00,R9,S89_1,S106_1
Fare210yen_00,R9,S89_1,S87_2
Fare210yen_00,R9,S90_1,S91_1
Fare210yen_00,R9,S90_1,S92_1
Fare210yen_00,R9,S90_1,S93_1
Fare210yen_00,R9,S90_1,S94_1
Fare210yen_00,R9,S90_1,S95_1
Fare210yen_00,R9,S90_1,S96_1
Fare210yen_00,R9,S90_1,S97_1
Fare210yen_00,R9,S90_1,S98_1
Fare210yen_00,R9,S90_1,S99_1
Fare210yen_00,R9,S90_1,S100_1
Fare210yen_00,R9,S90_1,S101_1
Fare210yen_00,R9,S90_1,S102_1
Fare210yen_00,R9,S90_1,S103_1
Fare210yen_00,R9,S90_1,S104_1
Fare210yen_00,R9,S90_1,S105_1
Fare210yen_00,R9,S90_1,S106_1
Fare210yen_00,R9,S90_1,S87_2
Fare210yen_00,R9,S91_1,S92_1
Fare210yen_00,R9,S91_1,S93_1
Fare210yen_00,R9,S91_1,S94_1
Fare210yen_00,R9,S91_1,S95_1
Fare210yen_00,R9,S91_1,S96_1
Fare210yen_00,R9,S91_1,S97_1
Fare210yen_00,R9,S91_1,S98_1
Fare210yen_00,R9,S91_1,S99_1
Fare210yen_00,R9,S91_1,S100_1
Fare210yen_00,R9,S91_1,S101_1
Fare210yen_00,R9,S91_1,S102_1
Fare210yen_00,R9,S91_1,S103_1
Fare210yen_00,R9,S91_1,S104_1
Fare210yen_00,R9,S91_1,S105_1
Fare210yen_00,R9,S91_1,S106_1
Fare210yen_00,R9,S91_1,S87_2
Fare210yen_00,R9,S92_1,S93_1
Fare210yen_00,R9,S92_1,S94_1
Fare210yen_00,R9,S92_1,S95_1
Fare210yen_00,R9,S92_1,S96_1
Fare210yen_00,R9,S92_1,S97_1
Fare210yen_00,R9,S92_1,S98_1
Fare210yen_00,R9,S92_1,S99_1
Fare210yen_00,R9,S92_1,S100_1
Fare210yen_00,R9,S92_1,S101_1
Fare210yen_00,R9,S92_1,S102_1
Fare210yen_00,R9,S92_1,S103_1
Fare210yen_00,R9,S92_1,S104_1
Fare210yen_00,R9,S92_1,S105_1
Fare210yen_00,R9,S92_1,S106_1
Fare210yen_00,R9,S92_1,S87_2
Fare210yen_00,R9,S93_1,S94_1
Fare210yen_00,R9,S93_1,S95_1
Fare210yen_00,R9,S93_1,S96_1
Fare210yen_00,R9,S93_1,S97_1
Fare210yen_00,R9,S93_1,S98_1
Fare210yen_00,R9,S93_1,S99_1
Fare210yen_00,R9,S93_1,S100_1
Fare210yen_00,R9,S93_1,S101_1
Fare210yen_00,R9,S93_1,S102_1
Fare210yen_00,R9,S93_1,S103_1
Fare210yen_00,R9,S93_1,S104_1
Fare210yen_00,R9,S93_1,S105_1
Fare210yen_00,R9,S93_1,S106_1
Fare210yen_00,R9,S93_1,S87_2
Fare210yen_00,R9,S94_1,S95_1
Fare210yen_00,R9,S94_1,S96_1
Fare210yen_00,R9,S94_1,S97_1
Fare210yen_00,R9,S94_1,S98_1
Fare210yen_00,R9,S94_1,S99_1
Fare210yen_00,R9,S94_1,S100_1
Fare210yen_00,R9,S94_1,S101_1
Fare210yen_00,R9,S94_1,S102_1
Fare210yen_00,R9,S94_1,S103_1
Fare210yen_00,R9,S94_1,S104_1
Fare210yen_00,R9,S94_1,S105_1
Fare210yen_00,R9,S94_1,S106_1
Fare210yen_00,R9,S94_1,S87_2
Fare210yen_00,R9,S95_1,S96_1
Fare210yen_00,R9,S95_1,S97_1
Fare210yen_00,R9,S95_1,S98_1
Fare210yen_00,R9,S95_1,S99_1
Fare210yen_00,R9,S95_1,S100_1
Fare210yen_00,R9,S95_1,S101_1
Fare210yen_00,R9,S95_1,S102_1
Fare210yen_00,R9,S95_1,S103_1
Fare210yen_00,R9,S95_1,S104_1
Fare210yen_00,R9,S95_1,S105_1
Fare210yen_00,R9,S95_1,S106_1
Fare210yen_00,R9,S95_1,S87_2
Fare210yen_00,R9,S96_1,S97_1
Fare210yen_00,R9,S96_1,S98_1
Fare210yen_00,R9,S96_1,S99_1
Fare210yen_00,R9,S96_1,S100_1
Fare210yen_00,R9,S96_1,S101_1
Fare210yen_00,R9,S96_1,S102_1
Fare210yen_00,R9,S96_1,S103_1
Fare210yen_00,R9,S96_1,S104_1
Fare210yen_00,R9,S96_1,S105_1
Fare210yen_00,R9,S96_1,S106_1
Fare210yen_00,R9,S96_1,S87_2
Fare210yen_00,R9,S97_1,S98_1
Fare210yen_00,R9,S97_1,S99_1
Fare210yen_00,R9,S97_1,S100_1
Fare210yen_00,R9,S97_1,S101_1
Fare210yen_00,R9,S97_1,S102_1
Fare210yen_00,R9,S97_1,S103_1
Fare210yen_00,R9,S97_1,S104_1
Fare210yen_00,R9,S97_1,S105_1
Fare210yen_00,R9,S97_1,S106_1
Fare210yen_00,R9,S97_1,S87_2
Fare210yen_00,R9,S98_1,S99_1
Fare210yen_00,R9,S98_1,S100_1
Fare210yen_00,R9,S98_1,S101_1
Fare210yen_00,R9,S98_1,S102_1
Fare210yen_00,R9,S98_1,S103_1
Fare210yen_00,R9,S98_1,S104_1
Fare210yen_00,R9,S98_1,S105_1
Fare210yen_00,R9,S98_1,S106_1
Fare210yen_00,R9,S98_1,S87_2
Fare210yen_00,R9,S99_1,S100_1
Fare210yen_00,R9,S99_1,S101_1
Fare210yen_00,R9,S99_1,S102_1
Fare210yen_00,R9,S99_1,S103_1
Fare210yen_00,R9,S99_1,S104_1
Fare210yen_00,R9,S99_1,S105_1
Fare210yen_00,R9,S99_1,S106_1
Fare210yen_00,R9,S99_1,S87_2
Fare210yen_00,R9,S100_1,S101_1
Fare210yen_00,R9,S100_1,S102_1
Fare210yen_00,R9,S100_1,S103_1
Fare210yen_00,R9,S100_1,S104_1
Fare210yen_00,R9,S100_1,S105_1
Fare210yen_00,R9,S100_1,S106_1
Fare210yen_00,R9,S100_1,S87_2
Fare210yen_00,R9,S101_1,S102_1
Fare210yen_00,R9,S101_1,S103_1
Fare210yen_00,R9,S101_1,S104_1
Fare210yen_00,R9,S101_1,S105_1
Fare210yen_00,R9,S101_1,S106_1
Fare210yen_00,R9,S101_1,S87_2
Fare210yen_00,R9,S102_1,S103_1
Fare210yen_00,R9,S102_1,S104_1
Fare210yen_00,R9,S102_1,S105_1
Fare210yen_00,R9,S102_1,S106_1
Fare210yen_00,R9,S102_1,S87_2
Fare210yen_00,R9,S103_1,S104_1
Fare210yen_00,R9,S103_1,S105_1
Fare210yen_00,R9,S103_1,S106_1
Fare210yen_00,R9,S103_1,S87_2
Fare210yen_00,R9,S104_1,S105_1
Fare210yen_00,R9,S104_1,S106_1
Fare210yen_00,R9,S104_1,S87_2
Fare210yen_00,R9,S105_1,S106_1
Fare210yen_00,R9,S105_1,S87_2
Fare210yen_00,R9,S106_1,S87_2
Fare210yen_00,R10,S87_1,S88_1
Fare210yen_00,R10,S87_1,S89_1
Fare210yen_00,R10,S87_1,S90_1
Fare210yen_00,R10,S87_1,S91_1
Fare210yen_00,R10,S87_1,S92_1
Fare210yen_00,R10,S87_1,S93_1
Fare210yen_00,R10,S87_1,S94_1
Fare210yen_00,R10,S87_1,S97_1
Fare210yen_00,R10,S87_1,S98_1
Fare210yen_00,R10,S87_1,S99_1
Fare210yen_00,R10,S87_1,S100_1
Fare210yen_00,R10,S87_1,S101_1
Fare210yen_00,R10,S87_1,S102_1
Fare210yen_00,R10,S87_1,S103_1
Fare210yen_00,R10,S87_1,S104_1
Fare210yen_00,R10,S87_1,S105_1
Fare210yen_00,R10,S87_1,S106_1
Fare210yen_00,R10,S87_1,S87_2
Fare210yen_00,R10,S88_1,S89_1
Fare210yen_00,R10,S88_1,S90_1
Fare210yen_00,R10,S88_1,S91_1
Fare210yen_00,R10,S88_1,S92_1
Fare210yen_00,R10,S88_1,S93_1
Fare210yen_00,R10,S88_1,S94_1
Fare210yen_00,R10,S88_1,S97_1
Fare210yen_00,R10,S88_1,S98_1
Fare210yen_00,R10,S88_1,S99_1
Fare210yen_00,R10,S88_1,S100_1
Fare210yen_00,R10,S88_1,S101_1
Fare210yen_00,R10,S88_1,S102_1
Fare210yen_00,R10,S88_1,S103_1
Fare210yen_00,R10,S88_1,S104_1
Fare210yen_00,R10,S88_1,S105_1
Fare210yen_00,R10,S88_1,S106_1
Fare210yen_00,R10,S88_1,S87_2
Fare210yen_00,R10,S89_1,S90_1
Fare210yen_00,R10,S89_1,S91_1
Fare210yen_00,R10,S89_1,S92_1
Fare210yen_00,R10,S89_1,S93_1
Fare210yen_00,R10,S89_1,S94_1
Fare210yen_00,R10,S89_1,S97_1
Fare210yen_00,R10,S89_1,S98_1
Fare210yen_00,R10,S89_1,S99_1
Fare210yen_00,R10,S89_1,S100_1
Fare210yen_00,R10,S89_1,S101_1
Fare210yen_00,R10,S89_1,S102_1
Fare210yen_00,R10,S89_1,S103_1
Fare210yen_00,R10,S89_1,S104_1
Fare210yen_00,R10,S89_1,S105_1
Fare210yen_00,R10,S89_1,S106_1
Fare210yen_00,R10,S89_1,S87_2
Fare210yen_00,R10,S90_1,S91_1
Fare210yen_00,R10,S90_1,S92_1
Fare210yen_00,R10,S90_1,S93_1
Fare210yen_00,R10,S90_1,S94_1
Fare210yen_00,R10,S90_1,S97_1
Fare210yen_00,R10,S90_1,S98_1
Fare210yen_00,R10,S90_1,S99_1
Fare210yen_00,R10,S90_1,S100_1
Fare210yen_00,R10,S90_1,S101_1
Fare210yen_00,R10,S90_1,S102_1
Fare210yen_00,R10,S90_1,S103_1
Fare210yen_00,R10,S90_1,S104_1
Fare210yen_00,R10,S90_1,S105_1
Fare210yen_00,R10,S90_1,S106_1
Fare210yen_00,R10,S90_1,S87_2
Fare210yen_00,R10,S91_1,S92_1
Fare210yen_00,R10,S91_1,S93_1
Fare210yen_00,R10,S91_1,S94_1
Fare210yen_00,R10,S91_1,S97_1
Fare210yen_00,R10,S91_1,S98_1
Fare210yen_00,R10,S91_1,S99_1
Fare210yen_00,R10,S91_1,S100_1
Fare210yen_00,R10,S91_1,S101_1
Fare210yen_00,R10,S91_1,S102_1
Fare210yen_00,R10,S91_1,S103_1
Fare210yen_00,R10,S91_1,S104_1
Fare210yen_00,R10,S91_1,S105_1
Fare210yen_00,R10,S91_1,S106_1
Fare210yen_00,R10,S91_1,S87_2
Fare210yen_00,R10,S92_1,S93_1
Fare210yen_00,R10,S92_1,S94_1
Fare210yen_00,R10,S92_1,S97_1
Fare210yen_00,R10,S92_1,S98_1
Fare210yen_00,R10,S92_1,S99_1
Fare210yen_00,R10,S92_1,S100_1
Fare210yen_00,R10,S92_1,S101_1
Fare210yen_00,R10,S92_1,S102_1
Fare210yen_00,R10,S92_1,S103_1
Fare210yen_00,R10,S92_1,S104_1
Fare210yen_00,R10,S92_1,S105_1
Fare210yen_00,R10,S92_1,S106_1
Fare210yen_00,R10,S92_1,S87_2
Fare210yen_00,R10,S93_1,S94_1
Fare210yen_00,R10,S93_1,S97_1
Fare210yen_00,R10,S93_1,S98_1
Fare210yen_00,R10,S93_1,S99_1
Fare210yen_00,R10,S93_1,S100_1
Fare210yen_00,R10,S93_1,S101_1
Fare210yen_00,R10,S93_1,S102_1
Fare210yen_00,R10,S93_1,S103_1
Fare210yen_00,R10,S93_1,S104_1
Fare210yen_00,R10,S93_1,S105_1
Fare210yen_00,R10,S93_1,S106_1
Fare210yen_00,R10,S93_1,S87_2
Fare210yen_00,R10,S94_1,S97_1
Fare210yen_00,R10,S94_1,S98_1
Fare210yen_00,R10,S94_1,S99_1
Fare210yen_00,R10,S94_1,S100_1
Fare210yen_00,R10,S94_1,S101_1
Fare210yen_00,R10,S94_1,S102_1
Fare210yen_00,R10,S94_1,S103_1
Fare210yen_00,R10,S94_1,S104_1
Fare210yen_00,R10,S94_1,S105_1
Fare210yen_00,R10,S94_1,S106_1
Fare210yen_00,R10,S94_1,S87_2
Fare210yen_00,R10,S97_1,S98_1
Fare210yen_00,R10,S97_1,S99_1
Fare210yen_00,R10,S97_1,S100_1
Fare210yen_00,R10,S97_1,S101_1
Fare210yen_00,R10,S97_1,S102_1
Fare210yen_00,R10,S97_1,S103_1
Fare210yen_00,R10,S97_1,S104_1
Fare210yen_00,R10,S97_1,S105_1
Fare210yen_00,R10,S97_1,S106_1
Fare210yen_00,R10,S97_1,S87_2
Fare210yen_00,R10,S98_1,S99_1
Fare210yen_00,R10,S98_1,S100_1
Fare210yen_00,R10,S98_1,S101_1
Fare210yen_00,R10,S98_1,S102_1
Fare210yen_00,R10,S98_1,S103_1
Fare210yen_00,R10,S98_1,S104_1
Fare210yen_00,R10,S98_1,S105_1
Fare210yen_00,R10,S98_1,S106_1
Fare210yen_00,R10,S98_1,S87_2
Fare210yen_00,R10,S99_1,S100_1
Fare210yen_00,R10,S99_1,S101_1
Fare210yen_00,R10,S99_1,S102_1
Fare210yen_00,R10,S99_1,S103_1
Fare210yen_00,R10,S99_1,S104_1
Fare210yen_00,R10,S99_1,S105_1
Fare210yen_00,R10,S99_1,S106_1
Fare210yen_00,R10,S99_1,S87_2
Fare210yen_00,R10,S100_1,S101_1
Fare210yen_00,R10,S100_1,S102_1
Fare210yen_00,R10,S100_1,S103_1
Fare210yen_00,R10,S100_1,S104_1
Fare210yen_00,R10,S100_1,S105_1
Fare210yen_00,R10,S100_1,S106_1
Fare210yen_00,R10,S100_1,S87_2
Fare210yen_00,R10,S101_1,S102_1
Fare210yen_00,R10,S101_1,S103_1
Fare210yen_00,R10,S101_1,S104_1
Fare210yen_00,R10,S101_1,S105_1
Fare210yen_00,R10,S101_1,S106_1
Fare210yen_00,R10,S101_1,S87_2
Fare210yen_00,R10,S102_1,S103_1
Fare210yen_00,R10,S102_1,S104_1
Fare210yen_00,R10,S102_1,S105_1
Fare210yen_00,R10,S102_1,S106_1
Fare210yen_00,R10,S102_1,S87_2
Fare210yen_00,R10,S103_1,S104_1
Fare210yen_00,R10,S103_1,S105_1
Fare210yen_00,R10,S103_1,S106_1
Fare210yen_00,R10,S103_1,S87_2
Fare210yen_00,R10,S104_1,S105_1
Fare210yen_00,R10,S104_1,S106_1
Fare210yen_00,R10,S104_1,S87_2
Fare210yen_00,R10,S105_1,S106_1
Fare210yen_00,R10,S105_1,S87_2
Fare210yen_00,R10,S106_1,S87_2
Fare210yen_00,R11,S107_1,S108_1
Fare210yen_00,R11,S107_1,S109_1
Fare210yen_00,R11,S107_1,S110_1
Fare210yen_00,R11,S107_1,S111_1
Fare210yen_00,R11,S107_1,S112_1
Fare300yen_00,R11,S107_1,S113_1
Fare300yen_00,R11,S107_1,S114_1
Fare300yen_00,R11,S107_1,S115_1
Fare210yen_00,R11,S108_1,S109_1
Fare210yen_00,R11,S108_1,S110_1
Fare210yen_00,R11,S108_1,S111_1
Fare210yen_00,R11,S108_1,S112_1
Fare300yen_00,R11,S108_1,S113_1
Fare300yen_00,R11,S108_1,S114_1
Fare300yen_00,R11,S108_1,S115_1
Fare210yen_00,R11,S109_1,S110_1
Fare210yen_00,R11,S109_1,S111_1
Fare210yen_00,R11,S109_1,S112_1
Fare210yen_00,R11,S109_1,S113_1
Fare300yen_00,R11,S109_1,S114_1
Fare300yen_00,R11,S109_1,S115_1
Fare210yen_00,R11,S110_1,S111_1
Fare210yen_00,R11,S110_1,S112_1
Fare210yen_00,R11,S110_1,S113_1
Fare300yen_00,R11,S110_1,S114_1
Fare300yen_00,R11,S110_1,S115_1
Fare210yen_00,R11,S111_1,S112_1
Fare210yen_00,R11,S111_1,S113_1
Fare300yen_00,R11,S111_1,S114_1
Fare300yen_00,R11,S111_1,S115_1
Fare210yen_00,R11,S112_1,S113_1
Fare210yen_00,R11,S112_1,S114_1
Fare300yen_00,R11,S112_1,S115_1
Fare210yen_00,R11,S113_1,S114_1
Fare210yen_00,R11,S113_1,S115_1
Fare210yen_00,R12,S115_1,S113_2
Fare300yen_00,R12,S115_1,S112_2
Fare300yen_00,R12,S115_1,S111_2
Fare300yen_00,R12,S115_1,S110_2
Fare300yen_00,R12,S115_1,S109_2
Fare300yen_00,R12,S115_1,S107_1
Fare210yen_00,R12,S114_2,S113_2
Fare210yen_00,R12,S114_2,S112_2
Fare300yen_00,R12,S114_2,S111_2
Fare300yen_00,R12,S114_2,S110_2
Fare300yen_00,R12,S114_2,S109_2
Fare300yen_00,R12,S114_2,S107_1
Fare210yen_00,R12,S113_2,S112_2
Fare210yen_00,R12,S113_2,S111_2
Fare210yen_00,R12,S113_2,S110_2
Fare210yen_00,R12,S113_2,S109_2
Fare300yen_00,R12,S113_2,S107_1
Fare210yen_00,R12,S112_2,S111_2
Fare210yen_00,R12,S112_2,S110_2
Fare210yen_00,R12,S112_2,S109_2
Fare210yen_00,R12,S112_2,S107_1
Fare210yen_00,R12,S111_2,S110_2
Fare210yen_00,R12,S111_2,S109_2
Fare210yen_00,R12,S111_2,S107_1
Fare210yen_00,R12,S110_2,S109_2
Fare210yen_00,R12,S110_2,S107_1
Fare210yen_00,R12,S109_2,S107_1
Fare210yen_00,R13,S103_1,S104_1
Fare210yen_00,R13,S103_1,S105_1
Fare210yen_00,R13,S103_1,S106_1
Fare210yen_00,R13,S103_1,S87_2
Fare210yen_00,R13,S104_1,S105_1
Fare210yen_00,R13,S104_1,S106_1
Fare210yen_00,R13,S104_1,S87_2
Fare210yen_00,R13,S105_1,S106_1
Fare210yen_00,R13,S105_1,S87_2
Fare210yen_00,R13,S106_1,S87_2
Fare210yen_00,R14,S87_1,S88_1
Fare210yen_00,R14,S87_1,S89_1
Fare210yen_00,R14,S87_1,S90_1
Fare210yen_00,R14,S87_1,S91_1
Fare210yen_00,R14,S87_1,S92_1
Fare210yen_00,R14,S87_1,S93_1
Fare210yen_00,R14,S87_1,S94_1
Fare210yen_00,R14,S87_1,S97_1
Fare210yen_00,R14,S87_1,S98_1
Fare210yen_00,R14,S87_1,S99_1
Fare210yen_00,R14,S87_1,S100_1
Fare210yen_00,R14,S87_1,S101_1
Fare210yen_00,R14,S87_1,S102_1
Fare210yen_00,R14,S88_1,S89_1
Fare210yen_00,R14,S88_1,S90_1
Fare210yen_00,R14,S88_1,S91_1
Fare210yen_00,R14,S88_1,S92_1
Fare210yen_00,R14,S88_1,S93_1
Fare210yen_00,R14,S88_1,S94_1
Fare210yen_00,R14,S88_1,S97_1
Fare210yen_00,R14,S88_1,S98_1
Fare210yen_00,R14,S88_1,S99_1
Fare210yen_00,R14,S88_1,S100_1
Fare210yen_00,R14,S88_1,S101_1
Fare210yen_00,R14,S88_1,S102_1
Fare210yen_00,R14,S89_1,S90_1
Fare210yen_00,R14,S89_1,S91_1
Fare210yen_00,R14,S89_1,S92_1
Fare210yen_00,R14,S89_1,S93_1
Fare210yen_00,R14,S89_1,S94_1
Fare210yen_00,R14,S89_1,S97_1
Fare210yen_00,R14,S89_1,S98_1
Fare210yen_00,R14,S89_1,S99_1
Fare210yen_00,R14,S89_1,S100_1
Fare210yen_00,R14,S89_1,S101_1
Fare210yen_00,R14,S89_1,S102_1
Fare210yen_00,R14,S90_1,S91_1
Fare210yen_00,R14,S90_1,S92_1
Fare210yen_00,R14,S90_1,S93_1
Fare210yen_00,R14,S90_1,S94_1
Fare210yen_00,R14,S90_1,S97_1
Fare210yen_00,R14,S90_1,S98_1
Fare210yen_00,R14,S90_1,S99_1
Fare210yen_00,R14,S90_1,S100_1
Fare210yen_00,R14,S90_1,S101_1
Fare210yen_00,R14,S90_1,S102_1
Fare210yen_00,R14,S91_1,S92_1
Fare210yen_00,R14,S91_1,S93_1
Fare210yen_00,R14,S91_1,S94_1
Fare210yen_00,R14,S91_1,S97_1
Fare210yen_00,R14,S91_1,S98_1
Fare210yen_00,R14,S91_1,S99_1
Fare210yen_00,R14,S91_1,S100_1
Fare210yen_00,R14,S91_1,S101_1
Fare210yen_00,R14,S91_1,S102_1
Fare210yen_00,R14,S92_1,S93_1
Fare210yen_00,R14,S92_1,S94_1
Fare210yen_00,R14,S92_1,S97_1
Fare210yen_00,R14,S92_1,S98_1
Fare210yen_00,R14,S92_1,S99_1
Fare210yen_00,R14,S92_1,S100_1
Fare210yen_00,R14,S92_1,S101_1
Fare210yen_00,R14,S92_1,S102_1
Fare210yen_00,R14,S93_1,S94_1
Fare210yen_00,R14,S93_1,S97_1
Fare210yen_00,R14,S93_1,S98_1
Fare210yen_00,R14,S93_1,S99_1
Fare210yen_00,R14,S93_1,S100_1
Fare210yen_00,R14,S93_1,S101_1
Fare210yen_00,R14,S93_1,S102_1
Fare210yen_00,R14,S94_1,S97_1
Fare210yen_00,R14,S94_1,S98_1
Fare210yen_00,R14,S94_1,S99_1
Fare210yen_00,R14,S94_1,S100_1
Fare210yen_00,R14,S94_1,S101_1
Fare210yen_00,R14,S94_1,S102_1
Fare210yen_00,R14,S97_1,S98_1
Fare210yen_00,R14,S97_1,S99_1
Fare210yen_00,R14,S97_1,S100_1
Fare210yen_00,R14,S97_1,S101_1
Fare210yen_00,R14,S97_1,S102_1
Fare210yen_00,R14,S98_1,S99_1
Fare210yen_00,R14,S98_1,S100_1
Fare210yen_00,R14,S98_1,S101_1
Fare210yen_00,R14,S98_1,S102_1
Fare210yen_00,R14,S99_1,S100_1
Fare210yen_00,R14,S99_1,S101_1
Fare210yen_00,R14,S99_1,S102_1
Fare210yen_00,R14,S100_1,S101_1
Fare210yen_00,R14,S100_1,S102_1
Fare210yen_00,R14,S101_1,S102_1
Fare210yen_00,R15,S70_1,S71_1
Fare210yen_00,R15,S70_1,S72_1
Fare210yen_00,R15,S70_1,S73_1
Fare210yen_00,R15,S70_1,S74_1
Fare210yen_00,R15,S70_1,S75_1
Fare210yen_00,R15,S70_1,S76_1
Fare210yen_00,R15,S70_1,S64_2
Fare210yen_00,R15,S70_1,S63_2
Fare210yen_00,R15,S70_1,S62_2
Fare210yen_00,R15,S70_1,S61_2
Fare210yen_00,R15,S70_1,S77_1
Fare210yen_00,R15,S70_1,S78_1
Fare210yen_00,R15,S70_1,S59_2
Fare210yen_00,R15,S71_1,S72_1
Fare210yen_00,R15,S71_1,S73_1
Fare210yen_00,R15,S71_1,S74_1
Fare210yen_00,R15,S71_1,S75_1
Fare210yen_00,R15,S71_1,S76_1
Fare210yen_00,R15,S71_1,S64_2
Fare210yen_00,R15,S71_1,S63_2
Fare210yen_00,R15,S71_1,S62_2
Fare210yen_00,R15,S71_1,S61_2
Fare210yen_00,R15,S71_1,S77_1
Fare210yen_00,R15,S71_1,S78_1
Fare210yen_00,R15,S71_1,S59_2
Fare210yen_00,R15,S72_1,S73_1
Fare210yen_00,R15,S72_1,S74_1
Fare210yen_00,R15,S72_1,S75_1
Fare210yen_00,R15,S72_1,S76_1
Fare210yen_00,R15,S72_1,S64_2
Fare210yen_00,R15,S72_1,S63_2
Fare210yen_00,R15,S72_1,S62_2
Fare210yen_00,R15,S72_1,S61_2
Fare210yen_00,R15,S72_1,S77_1
Fare210yen_00,R15,S72_1,S78_1
Fare210yen_00,R15,S72_1,S59_2
Fare210yen_00,R15,S73_1,S74_1
Fare210yen_00,R15,S73_1,S75_1
Fare210yen_00,R15,S73_1,S76_1
Fare210yen_00,R15,S73_1,S64_2
Fare210yen_00,R15,S73_1,S63_2
Fare210yen_00,R15,S73_1,S62_2
Fare210yen_00,R15,S73_1,S61_2
Fare210yen_00,R15,S73_1,S77_1
Fare210yen_00,R15,S73_1,S78_1
Fare210yen_00,R15,S73_1,S59_2
Fare210yen_00,R15,S74_1,S75_1
Fare210yen_00,R15,S74_1,S76_1
Fare210yen_00,R15,S74_1,S64_2
Fare210yen_00,R15,S74_1,S63_2
Fare210yen_00,R15,S74_1,S62_2
Fare210yen_00,R15,S74_1,S61_2
Fare210yen_00,R15,S74_1,S77_1
Fare210yen_00,R15,S74_1,S78_1
Fare210yen_00,R15,S74_1,S59_2
Fare210yen_00,R15,S75_1,S76_1
Fare210yen_00,R15,S75_1,S64_2
Fare210yen_00,R15,S75_1,S63_2
Fare210yen_00,R15,S75_1,S62_2
Fare210yen_00,R15,S75_1,S61_2
Fare210yen_00,R15,S75_1,S77_1
Fare210yen_00,R15,S75_1,S78_1
Fare210yen_00,R15,S75_1,S59_2
Fare210yen_00,R15,S76_1,S64_2
Fare210yen_00,R15,S76_1,S63_2
Fare210yen_00,R15,S76_1,S62_2
Fare210yen_00,R15,S76_1,S61_2
Fare210yen_00,R15,S76_1,S77_1
Fare210yen_00,R15,S76_1,S78_1
Fare210yen_00,R15,S76_1,S59_2
Fare210yen_00,R15,S64_2,S63_2
Fare210yen_00,R15,S64_2,S62_2
Fare210yen_00,R15,S64_2,S61_2
Fare210yen_00,R15,S64_2,S77_1
Fare210yen_00,R15,S64_2,S78_1
Fare210yen_00,R15,S64_2,S59_2
Fare210yen_00,R15,S63_2,S62_2
Fare210yen_00,R15,S63_2,S61_2
Fare210yen_00,R15,S63_2,S77_1
Fare210yen_00,R15,S63_2,S78_1
Fare210yen_00,R15,S63_2,S59_2
Fare210yen_00,R15,S62_2,S61_2
Fare210yen_00,R15,S62_2,S77_1
Fare210yen_00,R15,S62_2,S78_1
Fare210yen_00,R15,S62_2,S59_2
Fare210yen_00,R15,S61_2,S77_1
Fare210yen_00,R15,S61_2,S78_1
Fare210yen_00,R15,S61_2,S59_2
Fare210yen_00,R15,S77_1,S78_1
Fare210yen_00,R15,S77_1,S59_2
Fare210yen_00,R15,S78_1,S59_2
Fare210yen_00,R16,S59_1,S60_1
Fare210yen_00,R16,S59_1,S61_1
Fare210yen_00,R16,S59_1,S62_1
Fare210yen_00,R16,S59_1,S63_1
Fare210yen_00,R16,S59_1,S64_1
Fare210yen_00,R16,S59_1,S65_1
Fare210yen_00,R16,S59_1,S70_1
Fare210yen_00,R16,S59_1,S71_1
Fare210yen_00,R16,S59_1,S72_1
Fare210yen_00,R16,S59_1,S73_1
Fare210yen_00,R16,S59_1,S74_1
Fare210yen_00,R16,S59_1,S75_1
Fare210yen_00,R16,S59_1,S76_1
Fare210yen_00,R16,S60_1,S61_1
Fare210yen_00,R16,S60_1,S62_1
Fare210yen_00,R16,S60_1,S63_1
Fare210yen_00,R16,S60_1,S64_1
Fare210yen_00,R16,S60_1,S65_1
Fare210yen_00,R16,S60_1,S70_1
Fare210yen_00,R16,S60_1,S71_1
Fare210yen_00,R16,S60_1,S72_1
Fare210yen_00,R16,S60_1,S73_1
Fare210yen_00,R16,S60_1,S74_1
Fare210yen_00,R16,S60_1,S75_1
Fare210yen_00,R16,S60_1,S76_1
Fare210yen_00,R16,S61_1,S62_1
Fare210yen_00,R16,S61_1,S63_1
Fare210yen_00,R16,S61_1,S64_1
Fare210yen_00,R16,S61_1,S65_1
Fare210yen_00,R16,S61_1,S70_1
Fare210yen_00,R16,S61_1,S71_1
Fare210yen_00,R16,S61_1,S72_1
Fare210yen_00,R16,S61_1,S73_1
Fare210yen_00,R16,S61_1,S74_1
Fare210yen_00,R16,S61_1,S75_1
Fare210yen_00,R16,S61_1,S76_1
Fare210yen_00,R16,S62_1,S63_1
Fare210yen_00,R16,S62_1,S64_1
Fare210yen_00,R16,S62_1,S65_1
Fare210yen_00,R16,S62_1,S70_1
Fare210yen_00,R16,S62_1,S71_1
Fare210yen_00,R16,S62_1,S72_1
Fare210yen_00,R16,S62_1,S73_1
Fare210yen_00,R16,S62_1,S74_1
Fare210yen_00,R16,S62_1,S75_1
Fare210yen_00,R16,S62_1,S76_1
Fare210yen_00,R16,S63_1,S64_1
Fare210yen_00,R16,S63_1,S65_1
Fare210yen_00,R16,S63_1,S70_1
Fare210yen_00,R16,S63_1,S71_1
Fare210yen_00,R16,S63_1,S72_1
Fare210yen_00,R16,S63_1,S73_1
Fare210yen_00,R16,S63_1,S74_1
Fare210yen_00,R16,S63_1,S75_1
Fare210yen_00,R16,S63_1,S76_1
Fare210yen_00,R16,S64_1,S65_1
Fare210yen_00,R16,S64_1,S70_1
Fare210yen_00,R16,S64_1,S71_1
Fare210yen_00,R16,S64_1,S72_1
Fare210yen_00,R16,S64_1,S73_1
Fare210yen_00,R16,S64_1,S74_1
Fare210yen_00,R16,S64_1,S75_1
Fare210yen_00,R16,S64_1,S76_1
Fare210yen_00,R16,S65_1,S70_1
Fare210yen_00,R16,S65_1,S71_1
Fare210yen_00,R16,S65_1,S72_1
Fare210yen_00,R16,S65_1,S73_1
Fare210yen_00,R16,S65_1,S74_1
Fare210yen_00,R16,S65_1,S75_1
Fare210yen_00,R16,S65_1,S76_1
Fare210yen_00,R16,S70_1,S71_1
Fare210yen_00,R16,S70_1,S72_1
Fare210yen_00,R16,S70_1,S73_1
Fare210yen_00,R16,S70_1,S74_1
Fare210yen_00,R16,S70_1,S75_1
Fare210yen_00,R16,S70_1,S76_1
Fare210yen_00,R16,S71_1,S72_1
Fare210yen_00,R16,S71_1,S73_1
Fare210yen_00,R16,S71_1,S74_1
Fare210yen_00,R16,S71_1,S75_1
Fare210yen_00,R16,S71_1,S76_1
Fare210yen_00,R16,S72_1,S73_1
Fare210yen_00,R16,S72_1,S74_1
Fare210yen_00,R16,S72_1,S75_1
Fare210yen_00,R16,S72_1,S76_1
Fare210yen_00,R16,S73_1,S74_1
Fare210yen_00,R16,S73_1,S75_1
Fare210yen_00,R16,S73_1,S76_1
Fare210yen_00,R16,S74_1,S75_1
Fare210yen_00,R16,S74_1,S76_1
Fare210yen_00,R16,S75_1,S76_1
